<?xml version="1.0" encoding="UTF-8"?>

<!-- generated on 2025-11-28 09:47:58 by Eclipse SUMO GUI Version 1.24.0
<sumoConfiguration xmlns:xsi="http://www.w3.org/2001/XMLSchema-instance" xsi:noNamespaceSchemaLocation="http://sumo.dlr.de/xsd/sumoConfiguration.xsd">

    <input>
        <net-file value="grid.net.xml"/>
        <route-files value="routes.rou.xml"/>
        <additional-files value="sensors.add.xml"/>
    </input>

    <output>
        <fcd-output value="fcd_after.xml"/>
    </output>

    <time>
        <begin value="0"/>
        <end value="3600"/>
    </time>

    <traci_server>
        <remote-port value="50264"/>
    </traci_server>

</sumoConfiguration>
-->

<detector xmlns:xsi="http://www.w3.org/2001/XMLSchema-instance" xsi:noNamespaceSchemaLocation="http://sumo.dlr.de/xsd/det_e1_file.xsd">
    <interval begin="0.00" end="60.00" id="det_1" nVehContrib="1" flow="60.00" occupancy="0.63" speed="13.13" harmonicMeanSpeed="13.13" length="5.00" nVehEntered="1"/>
    <interval begin="0.00" end="60.00" id="det_2" nVehContrib="1" flow="60.00" occupancy="0.63" speed="13.29" harmonicMeanSpeed="13.29" length="5.00" nVehEntered="1"/>
    <interval begin="0.00" end="60.00" id="det_3" nVehContrib="2" flow="120.00" occupancy="1.39" speed="11.98" harmonicMeanSpeed="11.98" length="5.00" nVehEntered="2"/>
    <interval begin="0.00" end="60.00" id="det_4" nVehContrib="0" flow="0.00" occupancy="0.00" speed="-1.00" harmonicMeanSpeed="-1.00" length="-1.00" nVehEntered="0"/>
    <interval begin="0.00" end="60.00" id="det_5" nVehContrib="1" flow="60.00" occupancy="0.56" speed="14.99" harmonicMeanSpeed="14.99" length="5.00" nVehEntered="1"/>
    <interval begin="0.00" end="60.00" id="det_6" nVehContrib="1" flow="60.00" occupancy="0.62" speed="13.53" harmonicMeanSpeed="13.53" length="5.00" nVehEntered="1"/>
    <interval begin="0.00" end="60.00" id="det_7" nVehContrib="1" flow="60.00" occupancy="0.66" speed="12.54" harmonicMeanSpeed="12.54" length="5.00" nVehEntered="1"/>
    <interval begin="0.00" end="60.00" id="det_8" nVehContrib="0" flow="0.00" occupancy="0.00" speed="-1.00" harmonicMeanSpeed="-1.00" length="-1.00" nVehEntered="0"/>
    <interval begin="60.00" end="120.00" id="det_1" nVehContrib="1" flow="60.00" occupancy="0.64" speed="13.12" harmonicMeanSpeed="13.12" length="5.00" nVehEntered="1"/>
    <interval begin="60.00" end="120.00" id="det_2" nVehContrib="1" flow="60.00" occupancy="0.62" speed="13.52" harmonicMeanSpeed="13.52" length="5.00" nVehEntered="1"/>
    <interval begin="60.00" end="120.00" id="det_3" nVehContrib="1" flow="60.00" occupancy="0.67" speed="12.53" harmonicMeanSpeed="12.53" length="5.00" nVehEntered="1"/>
    <interval begin="60.00" end="120.00" id="det_4" nVehContrib="2" flow="120.00" occupancy="1.21" speed="13.72" harmonicMeanSpeed="13.72" length="5.00" nVehEntered="2"/>
    <interval begin="60.00" end="120.00" id="det_5" nVehContrib="2" flow="120.00" occupancy="1.25" speed="13.33" harmonicMeanSpeed="13.31" length="5.00" nVehEntered="2"/>
    <interval begin="60.00" end="120.00" id="det_6" nVehContrib="0" flow="0.00" occupancy="0.00" speed="-1.00" harmonicMeanSpeed="-1.00" length="-1.00" nVehEntered="0"/>
    <interval begin="60.00" end="120.00" id="det_7" nVehContrib="3" flow="180.00" occupancy="2.05" speed="12.31" harmonicMeanSpeed="12.20" length="5.00" nVehEntered="3"/>
    <interval begin="60.00" end="120.00" id="det_8" nVehContrib="2" flow="120.00" occupancy="1.39" speed="12.06" harmonicMeanSpeed="11.96" length="5.00" nVehEntered="2"/>
    <interval begin="120.00" end="180.00" id="det_1" nVehContrib="3" flow="180.00" occupancy="1.90" speed="13.22" harmonicMeanSpeed="13.19" length="5.00" nVehEntered="3"/>
    <interval begin="120.00" end="180.00" id="det_2" nVehContrib="3" flow="180.00" occupancy="1.92" speed="13.05" harmonicMeanSpeed="13.01" length="5.00" nVehEntered="3"/>
    <interval begin="120.00" end="180.00" id="det_3" nVehContrib="2" flow="120.00" occupancy="1.38" speed="12.15" harmonicMeanSpeed="12.09" length="5.00" nVehEntered="2"/>
    <interval begin="120.00" end="180.00" id="det_4" nVehContrib="2" flow="120.00" occupancy="1.40" speed="12.06" harmonicMeanSpeed="11.93" length="5.00" nVehEntered="2"/>
    <interval begin="120.00" end="180.00" id="det_5" nVehContrib="2" flow="120.00" occupancy="1.36" speed="12.26" harmonicMeanSpeed="12.26" length="5.00" nVehEntered="2"/>
    <interval begin="120.00" end="180.00" id="det_6" nVehContrib="2" flow="120.00" occupancy="1.21" speed="13.76" harmonicMeanSpeed="13.74" length="5.00" nVehEntered="2"/>
    <interval begin="120.00" end="180.00" id="det_7" nVehContrib="1" flow="60.00" occupancy="0.69" speed="12.03" harmonicMeanSpeed="12.03" length="5.00" nVehEntered="1"/>
    <interval begin="120.00" end="180.00" id="det_8" nVehContrib="2" flow="120.00" occupancy="1.23" speed="13.64" harmonicMeanSpeed="13.58" length="5.00" nVehEntered="2"/>
    <interval begin="180.00" end="240.00" id="det_1" nVehContrib="1" flow="60.00" occupancy="0.63" speed="13.27" harmonicMeanSpeed="13.27" length="5.00" nVehEntered="1"/>
    <interval begin="180.00" end="240.00" id="det_2" nVehContrib="0" flow="0.00" occupancy="0.00" speed="-1.00" harmonicMeanSpeed="-1.00" length="-1.00" nVehEntered="0"/>
    <interval begin="180.00" end="240.00" id="det_3" nVehContrib="1" flow="60.00" occupancy="0.54" speed="15.46" harmonicMeanSpeed="15.46" length="5.00" nVehEntered="1"/>
    <interval begin="180.00" end="240.00" id="det_4" nVehContrib="1" flow="60.00" occupancy="0.64" speed="12.96" harmonicMeanSpeed="12.96" length="5.00" nVehEntered="1"/>
    <interval begin="180.00" end="240.00" id="det_5" nVehContrib="1" flow="60.00" occupancy="0.63" speed="13.18" harmonicMeanSpeed="13.18" length="5.00" nVehEntered="1"/>
    <interval begin="180.00" end="240.00" id="det_6" nVehContrib="2" flow="120.00" occupancy="1.19" speed="13.99" harmonicMeanSpeed="13.99" length="5.00" nVehEntered="2"/>
    <interval begin="180.00" end="240.00" id="det_7" nVehContrib="2" flow="120.00" occupancy="1.67" speed="14.20" harmonicMeanSpeed="14.13" length="5.00" nVehEntered="3"/>
    <interval begin="180.00" end="240.00" id="det_8" nVehContrib="2" flow="120.00" occupancy="1.23" speed="13.58" harmonicMeanSpeed="13.56" length="5.00" nVehEntered="2"/>
    <interval begin="240.00" end="300.00" id="det_1" nVehContrib="1" flow="60.00" occupancy="0.59" speed="14.04" harmonicMeanSpeed="14.04" length="5.00" nVehEntered="1"/>
    <interval begin="240.00" end="300.00" id="det_2" nVehContrib="0" flow="0.00" occupancy="0.00" speed="-1.00" harmonicMeanSpeed="-1.00" length="-1.00" nVehEntered="0"/>
    <interval begin="240.00" end="300.00" id="det_3" nVehContrib="3" flow="180.00" occupancy="1.97" speed="12.76" harmonicMeanSpeed="12.68" length="5.00" nVehEntered="3"/>
    <interval begin="240.00" end="300.00" id="det_4" nVehContrib="1" flow="60.00" occupancy="0.71" speed="11.69" harmonicMeanSpeed="11.69" length="5.00" nVehEntered="1"/>
    <interval begin="240.00" end="300.00" id="det_5" nVehContrib="1" flow="60.00" occupancy="0.57" speed="14.49" harmonicMeanSpeed="14.49" length="5.00" nVehEntered="1"/>
    <interval begin="240.00" end="300.00" id="det_6" nVehContrib="3" flow="180.00" occupancy="2.01" speed="12.43" harmonicMeanSpeed="12.42" length="5.00" nVehEntered="3"/>
    <interval begin="240.00" end="300.00" id="det_7" nVehContrib="4" flow="240.00" occupancy="2.19" speed="12.83" harmonicMeanSpeed="12.41" length="5.00" nVehEntered="3"/>
    <interval begin="240.00" end="300.00" id="det_8" nVehContrib="1" flow="60.00" occupancy="0.64" speed="12.99" harmonicMeanSpeed="12.99" length="5.00" nVehEntered="1"/>
    <interval begin="300.00" end="360.00" id="det_1" nVehContrib="3" flow="180.00" occupancy="1.96" speed="12.91" harmonicMeanSpeed="12.79" length="5.00" nVehEntered="3"/>
    <interval begin="300.00" end="360.00" id="det_2" nVehContrib="3" flow="180.00" occupancy="2.01" speed="12.45" harmonicMeanSpeed="12.45" length="5.00" nVehEntered="3"/>
    <interval begin="300.00" end="360.00" id="det_3" nVehContrib="2" flow="120.00" occupancy="1.33" speed="12.86" harmonicMeanSpeed="12.55" length="5.00" nVehEntered="2"/>
    <interval begin="300.00" end="360.00" id="det_4" nVehContrib="3" flow="180.00" occupancy="2.08" speed="12.04" harmonicMeanSpeed="12.00" length="5.00" nVehEntered="3"/>
    <interval begin="300.00" end="360.00" id="det_5" nVehContrib="2" flow="120.00" occupancy="1.31" speed="12.88" harmonicMeanSpeed="12.69" length="5.00" nVehEntered="2"/>
    <interval begin="300.00" end="360.00" id="det_6" nVehContrib="1" flow="60.00" occupancy="0.58" speed="14.47" harmonicMeanSpeed="14.47" length="5.00" nVehEntered="1"/>
    <interval begin="300.00" end="360.00" id="det_7" nVehContrib="1" flow="60.00" occupancy="0.62" speed="13.50" harmonicMeanSpeed="13.50" length="5.00" nVehEntered="1"/>
    <interval begin="300.00" end="360.00" id="det_8" nVehContrib="4" flow="240.00" occupancy="2.74" speed="12.26" harmonicMeanSpeed="12.17" length="5.00" nVehEntered="4"/>
    <interval begin="360.00" end="420.00" id="det_1" nVehContrib="2" flow="120.00" occupancy="1.06" speed="15.82" harmonicMeanSpeed="15.76" length="5.00" nVehEntered="2"/>
    <interval begin="360.00" end="420.00" id="det_2" nVehContrib="1" flow="60.00" occupancy="0.65" speed="12.73" harmonicMeanSpeed="12.73" length="5.00" nVehEntered="1"/>
    <interval begin="360.00" end="420.00" id="det_3" nVehContrib="4" flow="240.00" occupancy="2.34" speed="14.31" harmonicMeanSpeed="14.22" length="5.00" nVehEntered="4"/>
    <interval begin="360.00" end="420.00" id="det_4" nVehContrib="2" flow="120.00" occupancy="1.29" speed="12.87" harmonicMeanSpeed="12.87" length="5.00" nVehEntered="2"/>
    <interval begin="360.00" end="420.00" id="det_5" nVehContrib="2" flow="120.00" occupancy="1.48" speed="11.26" harmonicMeanSpeed="11.26" length="5.00" nVehEntered="2"/>
    <interval begin="360.00" end="420.00" id="det_6" nVehContrib="3" flow="180.00" occupancy="1.87" speed="13.54" harmonicMeanSpeed="13.40" length="5.00" nVehEntered="3"/>
    <interval begin="360.00" end="420.00" id="det_7" nVehContrib="3" flow="180.00" occupancy="1.97" speed="12.72" harmonicMeanSpeed="12.71" length="5.00" nVehEntered="3"/>
    <interval begin="360.00" end="420.00" id="det_8" nVehContrib="2" flow="120.00" occupancy="1.32" speed="12.69" harmonicMeanSpeed="12.63" length="5.00" nVehEntered="2"/>
    <interval begin="420.00" end="480.00" id="det_1" nVehContrib="2" flow="120.00" occupancy="1.32" speed="12.67" harmonicMeanSpeed="12.67" length="5.00" nVehEntered="2"/>
    <interval begin="420.00" end="480.00" id="det_2" nVehContrib="1" flow="60.00" occupancy="0.60" speed="13.94" harmonicMeanSpeed="13.94" length="5.00" nVehEntered="1"/>
    <interval begin="420.00" end="480.00" id="det_3" nVehContrib="1" flow="60.00" occupancy="0.59" speed="14.16" harmonicMeanSpeed="14.16" length="5.00" nVehEntered="1"/>
    <interval begin="420.00" end="480.00" id="det_4" nVehContrib="2" flow="120.00" occupancy="1.28" speed="13.07" harmonicMeanSpeed="12.98" length="5.00" nVehEntered="2"/>
    <interval begin="420.00" end="480.00" id="det_5" nVehContrib="2" flow="120.00" occupancy="1.31" speed="12.75" harmonicMeanSpeed="12.74" length="5.00" nVehEntered="2"/>
    <interval begin="420.00" end="480.00" id="det_6" nVehContrib="1" flow="60.00" occupancy="0.61" speed="13.68" harmonicMeanSpeed="13.68" length="5.00" nVehEntered="1"/>
    <interval begin="420.00" end="480.00" id="det_7" nVehContrib="4" flow="240.00" occupancy="2.40" speed="14.03" harmonicMeanSpeed="13.91" length="5.00" nVehEntered="4"/>
    <interval begin="420.00" end="480.00" id="det_8" nVehContrib="1" flow="60.00" occupancy="0.65" speed="12.77" harmonicMeanSpeed="12.77" length="5.00" nVehEntered="1"/>
    <interval begin="480.00" end="540.00" id="det_1" nVehContrib="2" flow="120.00" occupancy="1.33" speed="12.50" harmonicMeanSpeed="12.50" length="5.00" nVehEntered="2"/>
    <interval begin="480.00" end="540.00" id="det_2" nVehContrib="4" flow="240.00" occupancy="2.70" speed="12.40" harmonicMeanSpeed="12.33" length="5.00" nVehEntered="4"/>
    <interval begin="480.00" end="540.00" id="det_3" nVehContrib="1" flow="60.00" occupancy="0.56" speed="14.94" harmonicMeanSpeed="14.94" length="5.00" nVehEntered="1"/>
    <interval begin="480.00" end="540.00" id="det_4" nVehContrib="4" flow="240.00" occupancy="2.37" speed="14.14" harmonicMeanSpeed="14.05" length="5.00" nVehEntered="4"/>
    <interval begin="480.00" end="540.00" id="det_5" nVehContrib="5" flow="300.00" occupancy="3.21" speed="13.26" harmonicMeanSpeed="12.99" length="5.00" nVehEntered="5"/>
    <interval begin="480.00" end="540.00" id="det_6" nVehContrib="1" flow="60.00" occupancy="0.67" speed="12.51" harmonicMeanSpeed="12.51" length="5.00" nVehEntered="1"/>
    <interval begin="480.00" end="540.00" id="det_7" nVehContrib="2" flow="120.00" occupancy="1.15" speed="14.54" harmonicMeanSpeed="14.46" length="5.00" nVehEntered="2"/>
    <interval begin="480.00" end="540.00" id="det_8" nVehContrib="5" flow="300.00" occupancy="3.09" speed="13.61" harmonicMeanSpeed="13.48" length="5.00" nVehEntered="5"/>
    <interval begin="540.00" end="600.00" id="det_1" nVehContrib="3" flow="180.00" occupancy="1.95" speed="12.89" harmonicMeanSpeed="12.83" length="5.00" nVehEntered="3"/>
    <interval begin="540.00" end="600.00" id="det_2" nVehContrib="2" flow="120.00" occupancy="1.24" speed="13.79" harmonicMeanSpeed="13.49" length="5.00" nVehEntered="2"/>
    <interval begin="540.00" end="600.00" id="det_3" nVehContrib="3" flow="180.00" occupancy="1.96" speed="12.74" harmonicMeanSpeed="12.73" length="5.00" nVehEntered="3"/>
    <interval begin="540.00" end="600.00" id="det_4" nVehContrib="3" flow="180.00" occupancy="2.06" speed="12.13" harmonicMeanSpeed="12.11" length="5.00" nVehEntered="3"/>
    <interval begin="540.00" end="600.00" id="det_5" nVehContrib="2" flow="120.00" occupancy="1.26" speed="13.27" harmonicMeanSpeed="13.25" length="5.00" nVehEntered="2"/>
    <interval begin="540.00" end="600.00" id="det_6" nVehContrib="3" flow="180.00" occupancy="2.20" speed="11.37" harmonicMeanSpeed="11.35" length="5.00" nVehEntered="3"/>
    <interval begin="540.00" end="600.00" id="det_7" nVehContrib="2" flow="120.00" occupancy="1.37" speed="12.15" harmonicMeanSpeed="12.15" length="5.00" nVehEntered="2"/>
    <interval begin="540.00" end="600.00" id="det_8" nVehContrib="3" flow="180.00" occupancy="2.09" speed="12.04" harmonicMeanSpeed="11.99" length="5.00" nVehEntered="3"/>
    <interval begin="600.00" end="660.00" id="det_1" nVehContrib="2" flow="120.00" occupancy="1.30" speed="12.81" harmonicMeanSpeed="12.80" length="5.00" nVehEntered="2"/>
    <interval begin="600.00" end="660.00" id="det_2" nVehContrib="1" flow="60.00" occupancy="0.64" speed="13.09" harmonicMeanSpeed="13.09" length="5.00" nVehEntered="1"/>
    <interval begin="600.00" end="660.00" id="det_3" nVehContrib="3" flow="180.00" occupancy="1.94" speed="12.92" harmonicMeanSpeed="12.90" length="5.00" nVehEntered="3"/>
    <interval begin="600.00" end="660.00" id="det_4" nVehContrib="1" flow="60.00" occupancy="0.60" speed="13.99" harmonicMeanSpeed="13.99" length="5.00" nVehEntered="1"/>
    <interval begin="600.00" end="660.00" id="det_5" nVehContrib="1" flow="60.00" occupancy="0.66" speed="12.72" harmonicMeanSpeed="12.72" length="5.00" nVehEntered="1"/>
    <interval begin="600.00" end="660.00" id="det_6" nVehContrib="1" flow="60.00" occupancy="0.71" speed="11.68" harmonicMeanSpeed="11.68" length="5.00" nVehEntered="1"/>
    <interval begin="600.00" end="660.00" id="det_7" nVehContrib="1" flow="60.00" occupancy="0.67" speed="12.50" harmonicMeanSpeed="12.50" length="5.00" nVehEntered="1"/>
    <interval begin="600.00" end="660.00" id="det_8" nVehContrib="3" flow="180.00" occupancy="1.95" speed="12.83" harmonicMeanSpeed="12.82" length="5.00" nVehEntered="3"/>
    <interval begin="660.00" end="720.00" id="det_1" nVehContrib="1" flow="60.00" occupancy="0.68" speed="12.28" harmonicMeanSpeed="12.28" length="5.00" nVehEntered="1"/>
    <interval begin="660.00" end="720.00" id="det_2" nVehContrib="3" flow="180.00" occupancy="1.87" speed="13.54" harmonicMeanSpeed="13.37" length="5.00" nVehEntered="3"/>
    <interval begin="660.00" end="720.00" id="det_3" nVehContrib="1" flow="60.00" occupancy="0.58" speed="14.48" harmonicMeanSpeed="14.48" length="5.00" nVehEntered="1"/>
    <interval begin="660.00" end="720.00" id="det_4" nVehContrib="1" flow="60.00" occupancy="0.74" speed="11.20" harmonicMeanSpeed="11.20" length="5.00" nVehEntered="1"/>
    <interval begin="660.00" end="720.00" id="det_5" nVehContrib="1" flow="60.00" occupancy="0.64" speed="13.08" harmonicMeanSpeed="13.08" length="5.00" nVehEntered="1"/>
    <interval begin="660.00" end="720.00" id="det_6" nVehContrib="2" flow="120.00" occupancy="1.17" speed="14.25" harmonicMeanSpeed="14.23" length="5.00" nVehEntered="2"/>
    <interval begin="660.00" end="720.00" id="det_7" nVehContrib="2" flow="120.00" occupancy="1.17" speed="14.30" harmonicMeanSpeed="14.24" length="5.00" nVehEntered="2"/>
    <interval begin="660.00" end="720.00" id="det_8" nVehContrib="4" flow="240.00" occupancy="2.67" speed="12.69" harmonicMeanSpeed="12.47" length="5.00" nVehEntered="4"/>
    <interval begin="720.00" end="780.00" id="det_1" nVehContrib="3" flow="180.00" occupancy="1.95" speed="13.19" harmonicMeanSpeed="12.84" length="5.00" nVehEntered="3"/>
    <interval begin="720.00" end="780.00" id="det_2" nVehContrib="1" flow="60.00" occupancy="0.67" speed="12.37" harmonicMeanSpeed="12.37" length="5.00" nVehEntered="1"/>
    <interval begin="720.00" end="780.00" id="det_3" nVehContrib="2" flow="120.00" occupancy="1.36" speed="12.25" harmonicMeanSpeed="12.21" length="5.00" nVehEntered="2"/>
    <interval begin="720.00" end="780.00" id="det_4" nVehContrib="1" flow="60.00" occupancy="0.55" speed="15.11" harmonicMeanSpeed="15.11" length="5.00" nVehEntered="1"/>
    <interval begin="720.00" end="780.00" id="det_5" nVehContrib="4" flow="240.00" occupancy="2.71" speed="12.44" harmonicMeanSpeed="12.28" length="5.00" nVehEntered="4"/>
    <interval begin="720.00" end="780.00" id="det_6" nVehContrib="2" flow="120.00" occupancy="1.49" speed="11.23" harmonicMeanSpeed="11.18" length="5.00" nVehEntered="2"/>
    <interval begin="720.00" end="780.00" id="det_7" nVehContrib="1" flow="60.00" occupancy="0.56" speed="14.85" harmonicMeanSpeed="14.85" length="5.00" nVehEntered="1"/>
    <interval begin="720.00" end="780.00" id="det_8" nVehContrib="4" flow="240.00" occupancy="2.66" speed="12.83" harmonicMeanSpeed="12.54" length="5.00" nVehEntered="4"/>
    <interval begin="780.00" end="840.00" id="det_1" nVehContrib="3" flow="180.00" occupancy="1.88" speed="13.31" harmonicMeanSpeed="13.31" length="5.00" nVehEntered="3"/>
    <interval begin="780.00" end="840.00" id="det_2" nVehContrib="2" flow="120.00" occupancy="1.13" speed="14.76" harmonicMeanSpeed="14.70" length="5.00" nVehEntered="2"/>
    <interval begin="780.00" end="840.00" id="det_3" nVehContrib="2" flow="120.00" occupancy="1.32" speed="12.62" harmonicMeanSpeed="12.62" length="5.00" nVehEntered="2"/>
    <interval begin="780.00" end="840.00" id="det_4" nVehContrib="1" flow="60.00" occupancy="0.60" speed="13.97" harmonicMeanSpeed="13.97" length="5.00" nVehEntered="1"/>
    <interval begin="780.00" end="840.00" id="det_5" nVehContrib="2" flow="120.00" occupancy="1.25" speed="13.37" harmonicMeanSpeed="13.37" length="5.00" nVehEntered="2"/>
    <interval begin="780.00" end="840.00" id="det_6" nVehContrib="2" flow="120.00" occupancy="1.35" speed="12.36" harmonicMeanSpeed="12.34" length="5.00" nVehEntered="2"/>
    <interval begin="780.00" end="840.00" id="det_7" nVehContrib="1" flow="60.00" occupancy="0.64" speed="13.00" harmonicMeanSpeed="13.00" length="5.00" nVehEntered="1"/>
    <interval begin="780.00" end="840.00" id="det_8" nVehContrib="2" flow="120.00" occupancy="1.23" speed="13.54" harmonicMeanSpeed="13.53" length="5.00" nVehEntered="2"/>
    <interval begin="840.00" end="900.00" id="det_1" nVehContrib="2" flow="120.00" occupancy="1.13" speed="15.08" harmonicMeanSpeed="14.80" length="5.00" nVehEntered="2"/>
    <interval begin="840.00" end="900.00" id="det_2" nVehContrib="2" flow="120.00" occupancy="1.35" speed="12.31" harmonicMeanSpeed="12.31" length="5.00" nVehEntered="2"/>
    <interval begin="840.00" end="900.00" id="det_3" nVehContrib="3" flow="180.00" occupancy="1.99" speed="12.61" harmonicMeanSpeed="12.57" length="5.00" nVehEntered="3"/>
    <interval begin="840.00" end="900.00" id="det_4" nVehContrib="1" flow="60.00" occupancy="0.71" speed="11.81" harmonicMeanSpeed="11.81" length="5.00" nVehEntered="1"/>
    <interval begin="840.00" end="900.00" id="det_5" nVehContrib="2" flow="120.00" occupancy="1.37" speed="12.18" harmonicMeanSpeed="12.18" length="5.00" nVehEntered="2"/>
    <interval begin="840.00" end="900.00" id="det_6" nVehContrib="0" flow="0.00" occupancy="0.00" speed="-1.00" harmonicMeanSpeed="-1.00" length="-1.00" nVehEntered="0"/>
    <interval begin="840.00" end="900.00" id="det_7" nVehContrib="2" flow="120.00" occupancy="1.32" speed="13.03" harmonicMeanSpeed="12.67" length="5.00" nVehEntered="2"/>
    <interval begin="840.00" end="900.00" id="det_8" nVehContrib="0" flow="0.00" occupancy="0.00" speed="-1.00" harmonicMeanSpeed="-1.00" length="-1.00" nVehEntered="0"/>
    <interval begin="900.00" end="960.00" id="det_1" nVehContrib="1" flow="60.00" occupancy="0.65" speed="12.76" harmonicMeanSpeed="12.76" length="5.00" nVehEntered="1"/>
    <interval begin="900.00" end="960.00" id="det_2" nVehContrib="2" flow="120.00" occupancy="1.24" speed="13.58" harmonicMeanSpeed="13.41" length="5.00" nVehEntered="2"/>
    <interval begin="900.00" end="960.00" id="det_3" nVehContrib="1" flow="60.00" occupancy="0.57" speed="14.64" harmonicMeanSpeed="14.64" length="5.00" nVehEntered="1"/>
    <interval begin="900.00" end="960.00" id="det_4" nVehContrib="1" flow="60.00" occupancy="0.67" speed="12.36" harmonicMeanSpeed="12.36" length="5.00" nVehEntered="1"/>
    <interval begin="900.00" end="960.00" id="det_5" nVehContrib="2" flow="120.00" occupancy="1.30" speed="12.83" harmonicMeanSpeed="12.80" length="5.00" nVehEntered="2"/>
    <interval begin="900.00" end="960.00" id="det_6" nVehContrib="3" flow="180.00" occupancy="1.99" speed="12.63" harmonicMeanSpeed="12.59" length="5.00" nVehEntered="3"/>
    <interval begin="900.00" end="960.00" id="det_7" nVehContrib="3" flow="180.00" occupancy="1.78" speed="14.02" harmonicMeanSpeed="14.02" length="5.00" nVehEntered="3"/>
    <interval begin="900.00" end="960.00" id="det_8" nVehContrib="0" flow="0.00" occupancy="0.00" speed="-1.00" harmonicMeanSpeed="-1.00" length="-1.00" nVehEntered="0"/>
    <interval begin="960.00" end="1020.00" id="det_1" nVehContrib="3" flow="180.00" occupancy="1.91" speed="13.09" harmonicMeanSpeed="13.09" length="5.00" nVehEntered="3"/>
    <interval begin="960.00" end="1020.00" id="det_2" nVehContrib="3" flow="180.00" occupancy="2.14" speed="13.86" harmonicMeanSpeed="13.76" length="5.00" nVehEntered="4"/>
    <interval begin="960.00" end="1020.00" id="det_3" nVehContrib="2" flow="120.00" occupancy="1.38" speed="12.20" harmonicMeanSpeed="12.09" length="5.00" nVehEntered="2"/>
    <interval begin="960.00" end="1020.00" id="det_4" nVehContrib="2" flow="120.00" occupancy="1.40" speed="11.93" harmonicMeanSpeed="11.93" length="5.00" nVehEntered="2"/>
    <interval begin="960.00" end="1020.00" id="det_5" nVehContrib="1" flow="60.00" occupancy="0.63" speed="13.18" harmonicMeanSpeed="13.18" length="5.00" nVehEntered="1"/>
    <interval begin="960.00" end="1020.00" id="det_6" nVehContrib="1" flow="60.00" occupancy="0.63" speed="13.33" harmonicMeanSpeed="13.33" length="5.00" nVehEntered="1"/>
    <interval begin="960.00" end="1020.00" id="det_7" nVehContrib="1" flow="60.00" occupancy="0.65" speed="12.90" harmonicMeanSpeed="12.90" length="5.00" nVehEntered="1"/>
    <interval begin="960.00" end="1020.00" id="det_8" nVehContrib="3" flow="180.00" occupancy="2.16" speed="11.60" harmonicMeanSpeed="11.58" length="5.00" nVehEntered="3"/>
    <interval begin="1020.00" end="1080.00" id="det_1" nVehContrib="3" flow="180.00" occupancy="1.85" speed="13.65" harmonicMeanSpeed="13.50" length="5.00" nVehEntered="3"/>
    <interval begin="1020.00" end="1080.00" id="det_2" nVehContrib="4" flow="240.00" occupancy="2.15" speed="13.54" harmonicMeanSpeed="13.46" length="5.00" nVehEntered="3"/>
    <interval begin="1020.00" end="1080.00" id="det_3" nVehContrib="2" flow="120.00" occupancy="1.32" speed="12.81" harmonicMeanSpeed="12.63" length="5.00" nVehEntered="2"/>
    <interval begin="1020.00" end="1080.00" id="det_4" nVehContrib="1" flow="60.00" occupancy="0.67" speed="12.39" harmonicMeanSpeed="12.39" length="5.00" nVehEntered="1"/>
    <interval begin="1020.00" end="1080.00" id="det_5" nVehContrib="3" flow="180.00" occupancy="1.96" speed="12.78" harmonicMeanSpeed="12.73" length="5.00" nVehEntered="3"/>
    <interval begin="1020.00" end="1080.00" id="det_6" nVehContrib="2" flow="120.00" occupancy="1.52" speed="11.03" harmonicMeanSpeed="10.98" length="5.00" nVehEntered="2"/>
    <interval begin="1020.00" end="1080.00" id="det_7" nVehContrib="2" flow="120.00" occupancy="1.31" speed="12.78" harmonicMeanSpeed="12.75" length="5.00" nVehEntered="2"/>
    <interval begin="1020.00" end="1080.00" id="det_8" nVehContrib="3" flow="180.00" occupancy="1.89" speed="13.27" harmonicMeanSpeed="13.24" length="5.00" nVehEntered="3"/>
    <interval begin="1080.00" end="1140.00" id="det_1" nVehContrib="3" flow="180.00" occupancy="2.06" speed="12.25" harmonicMeanSpeed="12.15" length="5.00" nVehEntered="3"/>
    <interval begin="1080.00" end="1140.00" id="det_2" nVehContrib="2" flow="120.00" occupancy="1.23" speed="13.63" harmonicMeanSpeed="13.57" length="5.00" nVehEntered="2"/>
    <interval begin="1080.00" end="1140.00" id="det_3" nVehContrib="2" flow="120.00" occupancy="1.13" speed="14.77" harmonicMeanSpeed="14.77" length="5.00" nVehEntered="2"/>
    <interval begin="1080.00" end="1140.00" id="det_4" nVehContrib="2" flow="120.00" occupancy="1.35" speed="12.35" harmonicMeanSpeed="12.35" length="5.00" nVehEntered="2"/>
    <interval begin="1080.00" end="1140.00" id="det_5" nVehContrib="2" flow="120.00" occupancy="1.26" speed="13.28" harmonicMeanSpeed="13.28" length="5.00" nVehEntered="2"/>
    <interval begin="1080.00" end="1140.00" id="det_6" nVehContrib="1" flow="60.00" occupancy="0.60" speed="13.83" harmonicMeanSpeed="13.83" length="5.00" nVehEntered="1"/>
    <interval begin="1080.00" end="1140.00" id="det_7" nVehContrib="0" flow="0.00" occupancy="0.00" speed="-1.00" harmonicMeanSpeed="-1.00" length="-1.00" nVehEntered="0"/>
    <interval begin="1080.00" end="1140.00" id="det_8" nVehContrib="1" flow="60.00" occupancy="0.67" speed="12.41" harmonicMeanSpeed="12.41" length="5.00" nVehEntered="1"/>
    <interval begin="1140.00" end="1200.00" id="det_1" nVehContrib="3" flow="180.00" occupancy="1.83" speed="13.64" harmonicMeanSpeed="13.63" length="5.00" nVehEntered="3"/>
    <interval begin="1140.00" end="1200.00" id="det_2" nVehContrib="3" flow="180.00" occupancy="1.84" speed="13.59" harmonicMeanSpeed="13.56" length="5.00" nVehEntered="3"/>
    <interval begin="1140.00" end="1200.00" id="det_3" nVehContrib="1" flow="60.00" occupancy="0.67" speed="12.36" harmonicMeanSpeed="12.36" length="5.00" nVehEntered="1"/>
    <interval begin="1140.00" end="1200.00" id="det_4" nVehContrib="1" flow="60.00" occupancy="0.59" speed="14.02" harmonicMeanSpeed="14.02" length="5.00" nVehEntered="1"/>
    <interval begin="1140.00" end="1200.00" id="det_5" nVehContrib="3" flow="180.00" occupancy="1.93" speed="12.96" harmonicMeanSpeed="12.93" length="5.00" nVehEntered="3"/>
    <interval begin="1140.00" end="1200.00" id="det_6" nVehContrib="4" flow="240.00" occupancy="2.68" speed="12.44" harmonicMeanSpeed="12.43" length="5.00" nVehEntered="4"/>
    <interval begin="1140.00" end="1200.00" id="det_7" nVehContrib="2" flow="120.00" occupancy="1.33" speed="12.50" harmonicMeanSpeed="12.49" length="5.00" nVehEntered="2"/>
    <interval begin="1140.00" end="1200.00" id="det_8" nVehContrib="2" flow="120.00" occupancy="1.18" speed="14.18" harmonicMeanSpeed="14.17" length="5.00" nVehEntered="2"/>
    <interval begin="1200.00" end="1260.00" id="det_1" nVehContrib="1" flow="60.00" occupancy="0.70" speed="11.96" harmonicMeanSpeed="11.96" length="5.00" nVehEntered="1"/>
    <interval begin="1200.00" end="1260.00" id="det_2" nVehContrib="1" flow="60.00" occupancy="0.70" speed="11.98" harmonicMeanSpeed="11.98" length="5.00" nVehEntered="1"/>
    <interval begin="1200.00" end="1260.00" id="det_3" nVehContrib="4" flow="240.00" occupancy="2.43" speed="13.74" harmonicMeanSpeed="13.73" length="5.00" nVehEntered="4"/>
    <interval begin="1200.00" end="1260.00" id="det_4" nVehContrib="3" flow="180.00" occupancy="1.92" speed="13.05" harmonicMeanSpeed="13.01" length="5.00" nVehEntered="3"/>
    <interval begin="1200.00" end="1260.00" id="det_5" nVehContrib="1" flow="60.00" occupancy="0.72" speed="11.52" harmonicMeanSpeed="11.52" length="5.00" nVehEntered="1"/>
    <interval begin="1200.00" end="1260.00" id="det_6" nVehContrib="5" flow="300.00" occupancy="3.20" speed="13.10" harmonicMeanSpeed="13.01" length="5.00" nVehEntered="5"/>
    <interval begin="1200.00" end="1260.00" id="det_7" nVehContrib="2" flow="120.00" occupancy="1.30" speed="12.85" harmonicMeanSpeed="12.85" length="5.00" nVehEntered="2"/>
    <interval begin="1200.00" end="1260.00" id="det_8" nVehContrib="2" flow="120.00" occupancy="1.11" speed="15.08" harmonicMeanSpeed="15.07" length="5.00" nVehEntered="2"/>
    <interval begin="1260.00" end="1320.00" id="det_1" nVehContrib="3" flow="180.00" occupancy="2.27" speed="11.29" harmonicMeanSpeed="11.02" length="5.00" nVehEntered="3"/>
    <interval begin="1260.00" end="1320.00" id="det_2" nVehContrib="0" flow="0.00" occupancy="0.00" speed="-1.00" harmonicMeanSpeed="-1.00" length="-1.00" nVehEntered="0"/>
    <interval begin="1260.00" end="1320.00" id="det_3" nVehContrib="2" flow="120.00" occupancy="1.23" speed="13.55" harmonicMeanSpeed="13.55" length="5.00" nVehEntered="2"/>
    <interval begin="1260.00" end="1320.00" id="det_4" nVehContrib="2" flow="120.00" occupancy="1.32" speed="12.65" harmonicMeanSpeed="12.65" length="5.00" nVehEntered="2"/>
    <interval begin="1260.00" end="1320.00" id="det_5" nVehContrib="0" flow="0.00" occupancy="0.00" speed="-1.00" harmonicMeanSpeed="-1.00" length="-1.00" nVehEntered="0"/>
    <interval begin="1260.00" end="1320.00" id="det_6" nVehContrib="3" flow="180.00" occupancy="2.04" speed="12.42" harmonicMeanSpeed="12.26" length="5.00" nVehEntered="3"/>
    <interval begin="1260.00" end="1320.00" id="det_7" nVehContrib="2" flow="120.00" occupancy="1.24" speed="13.48" harmonicMeanSpeed="13.44" length="5.00" nVehEntered="2"/>
    <interval begin="1260.00" end="1320.00" id="det_8" nVehContrib="3" flow="180.00" occupancy="2.07" speed="12.11" harmonicMeanSpeed="12.08" length="5.00" nVehEntered="3"/>
    <interval begin="1320.00" end="1380.00" id="det_1" nVehContrib="3" flow="180.00" occupancy="1.81" speed="13.80" harmonicMeanSpeed="13.78" length="5.00" nVehEntered="3"/>
    <interval begin="1320.00" end="1380.00" id="det_2" nVehContrib="3" flow="180.00" occupancy="1.87" speed="13.45" harmonicMeanSpeed="13.36" length="5.00" nVehEntered="3"/>
    <interval begin="1320.00" end="1380.00" id="det_3" nVehContrib="1" flow="60.00" occupancy="0.68" speed="12.17" harmonicMeanSpeed="12.17" length="5.00" nVehEntered="1"/>
    <interval begin="1320.00" end="1380.00" id="det_4" nVehContrib="1" flow="60.00" occupancy="0.60" speed="13.98" harmonicMeanSpeed="13.98" length="5.00" nVehEntered="1"/>
    <interval begin="1320.00" end="1380.00" id="det_5" nVehContrib="1" flow="60.00" occupancy="0.70" speed="11.96" harmonicMeanSpeed="11.96" length="5.00" nVehEntered="1"/>
    <interval begin="1320.00" end="1380.00" id="det_6" nVehContrib="4" flow="240.00" occupancy="2.66" speed="12.60" harmonicMeanSpeed="12.54" length="5.00" nVehEntered="4"/>
    <interval begin="1320.00" end="1380.00" id="det_7" nVehContrib="4" flow="240.00" occupancy="3.17" speed="10.64" harmonicMeanSpeed="10.50" length="5.00" nVehEntered="4"/>
    <interval begin="1320.00" end="1380.00" id="det_8" nVehContrib="3" flow="180.00" occupancy="1.75" speed="14.43" harmonicMeanSpeed="14.32" length="5.00" nVehEntered="3"/>
    <interval begin="1380.00" end="1440.00" id="det_1" nVehContrib="3" flow="180.00" occupancy="1.92" speed="13.17" harmonicMeanSpeed="13.02" length="5.00" nVehEntered="3"/>
    <interval begin="1380.00" end="1440.00" id="det_2" nVehContrib="2" flow="120.00" occupancy="1.32" speed="12.70" harmonicMeanSpeed="12.65" length="5.00" nVehEntered="2"/>
    <interval begin="1380.00" end="1440.00" id="det_3" nVehContrib="3" flow="180.00" occupancy="2.13" speed="11.84" harmonicMeanSpeed="11.75" length="5.00" nVehEntered="3"/>
    <interval begin="1380.00" end="1440.00" id="det_4" nVehContrib="2" flow="120.00" occupancy="1.35" speed="12.30" harmonicMeanSpeed="12.30" length="5.00" nVehEntered="2"/>
    <interval begin="1380.00" end="1440.00" id="det_5" nVehContrib="4" flow="240.00" occupancy="2.55" speed="13.08" harmonicMeanSpeed="13.05" length="5.00" nVehEntered="4"/>
    <interval begin="1380.00" end="1440.00" id="det_6" nVehContrib="1" flow="60.00" occupancy="0.73" speed="11.40" harmonicMeanSpeed="11.40" length="5.00" nVehEntered="1"/>
    <interval begin="1380.00" end="1440.00" id="det_7" nVehContrib="1" flow="60.00" occupancy="0.55" speed="15.13" harmonicMeanSpeed="15.13" length="5.00" nVehEntered="1"/>
    <interval begin="1380.00" end="1440.00" id="det_8" nVehContrib="3" flow="180.00" occupancy="2.04" speed="12.39" harmonicMeanSpeed="12.26" length="5.00" nVehEntered="3"/>
    <interval begin="1440.00" end="1500.00" id="det_1" nVehContrib="4" flow="240.00" occupancy="2.30" speed="14.51" harmonicMeanSpeed="14.51" length="5.00" nVehEntered="4"/>
    <interval begin="1440.00" end="1500.00" id="det_2" nVehContrib="3" flow="180.00" occupancy="1.79" speed="14.02" harmonicMeanSpeed="13.95" length="5.00" nVehEntered="3"/>
    <interval begin="1440.00" end="1500.00" id="det_3" nVehContrib="5" flow="300.00" occupancy="3.42" speed="12.28" harmonicMeanSpeed="12.18" length="5.00" nVehEntered="5"/>
    <interval begin="1440.00" end="1500.00" id="det_4" nVehContrib="2" flow="120.00" occupancy="1.39" speed="11.98" harmonicMeanSpeed="11.95" length="5.00" nVehEntered="2"/>
    <interval begin="1440.00" end="1500.00" id="det_5" nVehContrib="2" flow="120.00" occupancy="1.18" speed="14.18" harmonicMeanSpeed="14.17" length="5.00" nVehEntered="2"/>
    <interval begin="1440.00" end="1500.00" id="det_6" nVehContrib="0" flow="0.00" occupancy="0.00" speed="-1.00" harmonicMeanSpeed="-1.00" length="-1.00" nVehEntered="0"/>
    <interval begin="1440.00" end="1500.00" id="det_7" nVehContrib="0" flow="0.00" occupancy="0.00" speed="-1.00" harmonicMeanSpeed="-1.00" length="-1.00" nVehEntered="0"/>
    <interval begin="1440.00" end="1500.00" id="det_8" nVehContrib="0" flow="0.00" occupancy="0.00" speed="-1.00" harmonicMeanSpeed="-1.00" length="-1.00" nVehEntered="0"/>
    <interval begin="1500.00" end="1560.00" id="det_1" nVehContrib="3" flow="180.00" occupancy="1.74" speed="14.37" harmonicMeanSpeed="14.34" length="5.00" nVehEntered="3"/>
    <interval begin="1500.00" end="1560.00" id="det_2" nVehContrib="1" flow="60.00" occupancy="0.63" speed="13.26" harmonicMeanSpeed="13.26" length="5.00" nVehEntered="1"/>
    <interval begin="1500.00" end="1560.00" id="det_3" nVehContrib="2" flow="120.00" occupancy="1.22" speed="13.67" harmonicMeanSpeed="13.67" length="5.00" nVehEntered="2"/>
    <interval begin="1500.00" end="1560.00" id="det_4" nVehContrib="2" flow="120.00" occupancy="1.40" speed="11.89" harmonicMeanSpeed="11.87" length="5.00" nVehEntered="2"/>
    <interval begin="1500.00" end="1560.00" id="det_5" nVehContrib="0" flow="0.00" occupancy="0.00" speed="-1.00" harmonicMeanSpeed="-1.00" length="-1.00" nVehEntered="0"/>
    <interval begin="1500.00" end="1560.00" id="det_6" nVehContrib="3" flow="180.00" occupancy="1.96" speed="12.74" harmonicMeanSpeed="12.72" length="5.00" nVehEntered="3"/>
    <interval begin="1500.00" end="1560.00" id="det_7" nVehContrib="1" flow="60.00" occupancy="0.56" speed="15.00" harmonicMeanSpeed="15.00" length="5.00" nVehEntered="1"/>
    <interval begin="1500.00" end="1560.00" id="det_8" nVehContrib="4" flow="240.00" occupancy="2.51" speed="13.34" harmonicMeanSpeed="13.28" length="5.00" nVehEntered="4"/>
    <interval begin="1560.00" end="1620.00" id="det_1" nVehContrib="1" flow="60.00" occupancy="0.56" speed="14.88" harmonicMeanSpeed="14.88" length="5.00" nVehEntered="1"/>
    <interval begin="1560.00" end="1620.00" id="det_2" nVehContrib="2" flow="120.00" occupancy="1.54" speed="10.81" harmonicMeanSpeed="10.79" length="5.00" nVehEntered="2"/>
    <interval begin="1560.00" end="1620.00" id="det_3" nVehContrib="4" flow="240.00" occupancy="2.69" speed="12.48" harmonicMeanSpeed="12.39" length="5.00" nVehEntered="4"/>
    <interval begin="1560.00" end="1620.00" id="det_4" nVehContrib="3" flow="180.00" occupancy="2.01" speed="12.46" harmonicMeanSpeed="12.45" length="5.00" nVehEntered="3"/>
    <interval begin="1560.00" end="1620.00" id="det_5" nVehContrib="2" flow="120.00" occupancy="1.56" speed="10.66" harmonicMeanSpeed="10.66" length="5.00" nVehEntered="2"/>
    <interval begin="1560.00" end="1620.00" id="det_6" nVehContrib="1" flow="60.00" occupancy="0.68" speed="12.32" harmonicMeanSpeed="12.32" length="5.00" nVehEntered="1"/>
    <interval begin="1560.00" end="1620.00" id="det_7" nVehContrib="1" flow="60.00" occupancy="0.60" speed="14.00" harmonicMeanSpeed="14.00" length="5.00" nVehEntered="1"/>
    <interval begin="1560.00" end="1620.00" id="det_8" nVehContrib="4" flow="240.00" occupancy="3.19" speed="10.63" harmonicMeanSpeed="10.45" length="5.00" nVehEntered="4"/>
    <interval begin="1620.00" end="1680.00" id="det_1" nVehContrib="1" flow="60.00" occupancy="0.57" speed="14.66" harmonicMeanSpeed="14.66" length="5.00" nVehEntered="1"/>
    <interval begin="1620.00" end="1680.00" id="det_2" nVehContrib="2" flow="120.00" occupancy="1.29" speed="12.95" harmonicMeanSpeed="12.95" length="5.00" nVehEntered="2"/>
    <interval begin="1620.00" end="1680.00" id="det_3" nVehContrib="2" flow="120.00" occupancy="1.22" speed="13.68" harmonicMeanSpeed="13.65" length="5.00" nVehEntered="2"/>
    <interval begin="1620.00" end="1680.00" id="det_4" nVehContrib="2" flow="120.00" occupancy="1.37" speed="12.21" harmonicMeanSpeed="12.21" length="5.00" nVehEntered="2"/>
    <interval begin="1620.00" end="1680.00" id="det_5" nVehContrib="3" flow="180.00" occupancy="2.01" speed="12.51" harmonicMeanSpeed="12.45" length="5.00" nVehEntered="3"/>
    <interval begin="1620.00" end="1680.00" id="det_6" nVehContrib="3" flow="180.00" occupancy="1.97" speed="12.87" harmonicMeanSpeed="12.66" length="5.00" nVehEntered="3"/>
    <interval begin="1620.00" end="1680.00" id="det_7" nVehContrib="0" flow="0.00" occupancy="0.00" speed="-1.00" harmonicMeanSpeed="-1.00" length="-1.00" nVehEntered="0"/>
    <interval begin="1620.00" end="1680.00" id="det_8" nVehContrib="3" flow="180.00" occupancy="2.19" speed="11.71" harmonicMeanSpeed="11.44" length="5.00" nVehEntered="3"/>
    <interval begin="1680.00" end="1740.00" id="det_1" nVehContrib="0" flow="0.00" occupancy="0.00" speed="-1.00" harmonicMeanSpeed="-1.00" length="-1.00" nVehEntered="0"/>
    <interval begin="1680.00" end="1740.00" id="det_2" nVehContrib="0" flow="0.00" occupancy="0.00" speed="-1.00" harmonicMeanSpeed="-1.00" length="-1.00" nVehEntered="0"/>
    <interval begin="1680.00" end="1740.00" id="det_3" nVehContrib="2" flow="120.00" occupancy="1.27" speed="13.20" harmonicMeanSpeed="13.09" length="5.00" nVehEntered="2"/>
    <interval begin="1680.00" end="1740.00" id="det_4" nVehContrib="2" flow="120.00" occupancy="1.34" speed="12.46" harmonicMeanSpeed="12.46" length="5.00" nVehEntered="2"/>
    <interval begin="1680.00" end="1740.00" id="det_5" nVehContrib="2" flow="120.00" occupancy="1.42" speed="11.71" harmonicMeanSpeed="11.71" length="5.00" nVehEntered="2"/>
    <interval begin="1680.00" end="1740.00" id="det_6" nVehContrib="5" flow="300.00" occupancy="3.36" speed="12.44" harmonicMeanSpeed="12.40" length="5.00" nVehEntered="5"/>
    <interval begin="1680.00" end="1740.00" id="det_7" nVehContrib="1" flow="60.00" occupancy="0.67" speed="12.35" harmonicMeanSpeed="12.35" length="5.00" nVehEntered="1"/>
    <interval begin="1680.00" end="1740.00" id="det_8" nVehContrib="2" flow="120.00" occupancy="1.53" speed="10.94" harmonicMeanSpeed="10.90" length="5.00" nVehEntered="2"/>
    <interval begin="1740.00" end="1800.00" id="det_1" nVehContrib="6" flow="360.00" occupancy="3.79" speed="13.31" harmonicMeanSpeed="13.18" length="5.00" nVehEntered="6"/>
    <interval begin="1740.00" end="1800.00" id="det_2" nVehContrib="7" flow="420.00" occupancy="4.35" speed="13.50" harmonicMeanSpeed="13.40" length="5.00" nVehEntered="7"/>
    <interval begin="1740.00" end="1800.00" id="det_3" nVehContrib="2" flow="120.00" occupancy="1.24" speed="13.49" harmonicMeanSpeed="13.48" length="5.00" nVehEntered="2"/>
    <interval begin="1740.00" end="1800.00" id="det_4" nVehContrib="2" flow="120.00" occupancy="1.30" speed="12.91" harmonicMeanSpeed="12.78" length="5.00" nVehEntered="2"/>
    <interval begin="1740.00" end="1800.00" id="det_5" nVehContrib="4" flow="240.00" occupancy="2.49" speed="13.50" harmonicMeanSpeed="13.40" length="5.00" nVehEntered="4"/>
    <interval begin="1740.00" end="1800.00" id="det_6" nVehContrib="4" flow="240.00" occupancy="2.74" speed="12.24" harmonicMeanSpeed="12.16" length="5.00" nVehEntered="4"/>
    <interval begin="1740.00" end="1800.00" id="det_7" nVehContrib="2" flow="120.00" occupancy="1.22" speed="13.64" harmonicMeanSpeed="13.64" length="5.00" nVehEntered="2"/>
    <interval begin="1740.00" end="1800.00" id="det_8" nVehContrib="1" flow="60.00" occupancy="0.81" speed="10.23" harmonicMeanSpeed="10.23" length="5.00" nVehEntered="1"/>
    <interval begin="1800.00" end="1860.00" id="det_1" nVehContrib="3" flow="180.00" occupancy="1.79" speed="13.94" harmonicMeanSpeed="13.93" length="5.00" nVehEntered="3"/>
    <interval begin="1800.00" end="1860.00" id="det_2" nVehContrib="4" flow="240.00" occupancy="2.55" speed="13.16" harmonicMeanSpeed="13.09" length="5.00" nVehEntered="4"/>
    <interval begin="1800.00" end="1860.00" id="det_3" nVehContrib="0" flow="0.00" occupancy="0.00" speed="-1.00" harmonicMeanSpeed="-1.00" length="-1.00" nVehEntered="0"/>
    <interval begin="1800.00" end="1860.00" id="det_4" nVehContrib="2" flow="120.00" occupancy="1.22" speed="13.71" harmonicMeanSpeed="13.66" length="5.00" nVehEntered="2"/>
    <interval begin="1800.00" end="1860.00" id="det_5" nVehContrib="5" flow="300.00" occupancy="3.09" speed="13.53" harmonicMeanSpeed="13.48" length="5.00" nVehEntered="5"/>
    <interval begin="1800.00" end="1860.00" id="det_6" nVehContrib="1" flow="60.00" occupancy="0.63" speed="13.15" harmonicMeanSpeed="13.15" length="5.00" nVehEntered="1"/>
    <interval begin="1800.00" end="1860.00" id="det_7" nVehContrib="2" flow="120.00" occupancy="1.16" speed="14.65" harmonicMeanSpeed="14.41" length="5.00" nVehEntered="2"/>
    <interval begin="1800.00" end="1860.00" id="det_8" nVehContrib="2" flow="120.00" occupancy="1.46" speed="11.57" harmonicMeanSpeed="11.38" length="5.00" nVehEntered="2"/>
    <interval begin="1860.00" end="1920.00" id="det_1" nVehContrib="3" flow="180.00" occupancy="1.94" speed="12.97" harmonicMeanSpeed="12.90" length="5.00" nVehEntered="3"/>
    <interval begin="1860.00" end="1920.00" id="det_2" nVehContrib="2" flow="120.00" occupancy="1.35" speed="12.35" harmonicMeanSpeed="12.31" length="5.00" nVehEntered="2"/>
    <interval begin="1860.00" end="1920.00" id="det_3" nVehContrib="0" flow="0.00" occupancy="0.00" speed="-1.00" harmonicMeanSpeed="-1.00" length="-1.00" nVehEntered="0"/>
    <interval begin="1860.00" end="1920.00" id="det_4" nVehContrib="2" flow="120.00" occupancy="1.37" speed="12.16" harmonicMeanSpeed="12.15" length="5.00" nVehEntered="2"/>
    <interval begin="1860.00" end="1920.00" id="det_5" nVehContrib="3" flow="180.00" occupancy="2.00" speed="12.55" harmonicMeanSpeed="12.49" length="5.00" nVehEntered="3"/>
    <interval begin="1860.00" end="1920.00" id="det_6" nVehContrib="4" flow="240.00" occupancy="2.60" speed="13.19" harmonicMeanSpeed="12.83" length="5.00" nVehEntered="4"/>
    <interval begin="1860.00" end="1920.00" id="det_7" nVehContrib="0" flow="0.00" occupancy="0.00" speed="-1.00" harmonicMeanSpeed="-1.00" length="-1.00" nVehEntered="0"/>
    <interval begin="1860.00" end="1920.00" id="det_8" nVehContrib="3" flow="180.00" occupancy="2.13" speed="11.92" harmonicMeanSpeed="11.74" length="5.00" nVehEntered="3"/>
    <interval begin="1920.00" end="1980.00" id="det_1" nVehContrib="2" flow="120.00" occupancy="1.21" speed="13.81" harmonicMeanSpeed="13.78" length="5.00" nVehEntered="2"/>
    <interval begin="1920.00" end="1980.00" id="det_2" nVehContrib="2" flow="120.00" occupancy="1.18" speed="14.23" harmonicMeanSpeed="14.16" length="5.00" nVehEntered="2"/>
    <interval begin="1920.00" end="1980.00" id="det_3" nVehContrib="3" flow="180.00" occupancy="2.02" speed="12.53" harmonicMeanSpeed="12.35" length="5.00" nVehEntered="3"/>
    <interval begin="1920.00" end="1980.00" id="det_4" nVehContrib="2" flow="120.00" occupancy="1.25" speed="13.36" harmonicMeanSpeed="13.36" length="5.00" nVehEntered="2"/>
    <interval begin="1920.00" end="1980.00" id="det_5" nVehContrib="2" flow="120.00" occupancy="1.44" speed="11.86" harmonicMeanSpeed="11.59" length="5.00" nVehEntered="2"/>
    <interval begin="1920.00" end="1980.00" id="det_6" nVehContrib="2" flow="120.00" occupancy="1.59" speed="10.47" harmonicMeanSpeed="10.45" length="5.00" nVehEntered="2"/>
    <interval begin="1920.00" end="1980.00" id="det_7" nVehContrib="2" flow="120.00" occupancy="1.53" speed="10.90" harmonicMeanSpeed="10.88" length="5.00" nVehEntered="2"/>
    <interval begin="1920.00" end="1980.00" id="det_8" nVehContrib="3" flow="180.00" occupancy="2.05" speed="12.63" harmonicMeanSpeed="12.22" length="5.00" nVehEntered="3"/>
    <interval begin="1980.00" end="2040.00" id="det_1" nVehContrib="3" flow="180.00" occupancy="2.07" speed="12.29" harmonicMeanSpeed="12.07" length="5.00" nVehEntered="3"/>
    <interval begin="1980.00" end="2040.00" id="det_2" nVehContrib="2" flow="120.00" occupancy="1.39" speed="12.54" harmonicMeanSpeed="12.03" length="5.00" nVehEntered="2"/>
    <interval begin="1980.00" end="2040.00" id="det_3" nVehContrib="1" flow="60.00" occupancy="0.67" speed="12.44" harmonicMeanSpeed="12.44" length="5.00" nVehEntered="1"/>
    <interval begin="1980.00" end="2040.00" id="det_4" nVehContrib="4" flow="240.00" occupancy="2.58" speed="13.01" harmonicMeanSpeed="12.94" length="5.00" nVehEntered="4"/>
    <interval begin="1980.00" end="2040.00" id="det_5" nVehContrib="1" flow="60.00" occupancy="0.84" speed="9.89" harmonicMeanSpeed="9.89" length="5.00" nVehEntered="1"/>
    <interval begin="1980.00" end="2040.00" id="det_6" nVehContrib="1" flow="60.00" occupancy="0.63" speed="13.20" harmonicMeanSpeed="13.20" length="5.00" nVehEntered="1"/>
    <interval begin="1980.00" end="2040.00" id="det_7" nVehContrib="2" flow="120.00" occupancy="1.31" speed="12.75" harmonicMeanSpeed="12.75" length="5.00" nVehEntered="2"/>
    <interval begin="1980.00" end="2040.00" id="det_8" nVehContrib="1" flow="60.00" occupancy="0.69" speed="12.05" harmonicMeanSpeed="12.05" length="5.00" nVehEntered="1"/>
    <interval begin="2040.00" end="2100.00" id="det_1" nVehContrib="0" flow="0.00" occupancy="0.00" speed="-1.00" harmonicMeanSpeed="-1.00" length="-1.00" nVehEntered="0"/>
    <interval begin="2040.00" end="2100.00" id="det_2" nVehContrib="0" flow="0.00" occupancy="0.00" speed="-1.00" harmonicMeanSpeed="-1.00" length="-1.00" nVehEntered="0"/>
    <interval begin="2040.00" end="2100.00" id="det_3" nVehContrib="3" flow="180.00" occupancy="2.25" speed="11.27" harmonicMeanSpeed="11.10" length="5.00" nVehEntered="3"/>
    <interval begin="2040.00" end="2100.00" id="det_4" nVehContrib="3" flow="180.00" occupancy="2.16" speed="11.65" harmonicMeanSpeed="11.56" length="5.00" nVehEntered="3"/>
    <interval begin="2040.00" end="2100.00" id="det_5" nVehContrib="0" flow="0.00" occupancy="0.00" speed="-1.00" harmonicMeanSpeed="-1.00" length="-1.00" nVehEntered="0"/>
    <interval begin="2040.00" end="2100.00" id="det_6" nVehContrib="0" flow="0.00" occupancy="0.00" speed="-1.00" harmonicMeanSpeed="-1.00" length="-1.00" nVehEntered="0"/>
    <interval begin="2040.00" end="2100.00" id="det_7" nVehContrib="3" flow="180.00" occupancy="1.89" speed="13.30" harmonicMeanSpeed="13.25" length="5.00" nVehEntered="3"/>
    <interval begin="2040.00" end="2100.00" id="det_8" nVehContrib="5" flow="300.00" occupancy="3.37" speed="12.48" harmonicMeanSpeed="12.36" length="5.00" nVehEntered="5"/>
    <interval begin="2100.00" end="2160.00" id="det_1" nVehContrib="3" flow="180.00" occupancy="2.25" speed="11.62" harmonicMeanSpeed="11.13" length="5.00" nVehEntered="3"/>
    <interval begin="2100.00" end="2160.00" id="det_2" nVehContrib="3" flow="180.00" occupancy="1.96" speed="12.92" harmonicMeanSpeed="12.78" length="5.00" nVehEntered="3"/>
    <interval begin="2100.00" end="2160.00" id="det_3" nVehContrib="2" flow="120.00" occupancy="1.24" speed="13.42" harmonicMeanSpeed="13.41" length="5.00" nVehEntered="2"/>
    <interval begin="2100.00" end="2160.00" id="det_4" nVehContrib="0" flow="0.00" occupancy="0.00" speed="-1.00" harmonicMeanSpeed="-1.00" length="-1.00" nVehEntered="0"/>
    <interval begin="2100.00" end="2160.00" id="det_5" nVehContrib="4" flow="240.00" occupancy="2.99" speed="11.66" harmonicMeanSpeed="11.15" length="5.00" nVehEntered="4"/>
    <interval begin="2100.00" end="2160.00" id="det_6" nVehContrib="2" flow="120.00" occupancy="1.29" speed="13.16" harmonicMeanSpeed="12.95" length="5.00" nVehEntered="2"/>
    <interval begin="2100.00" end="2160.00" id="det_7" nVehContrib="2" flow="120.00" occupancy="1.34" speed="12.41" harmonicMeanSpeed="12.41" length="5.00" nVehEntered="2"/>
    <interval begin="2100.00" end="2160.00" id="det_8" nVehContrib="4" flow="240.00" occupancy="2.84" speed="11.78" harmonicMeanSpeed="11.74" length="5.00" nVehEntered="4"/>
    <interval begin="2160.00" end="2220.00" id="det_1" nVehContrib="1" flow="60.00" occupancy="0.68" speed="12.26" harmonicMeanSpeed="12.26" length="5.00" nVehEntered="1"/>
    <interval begin="2160.00" end="2220.00" id="det_2" nVehContrib="3" flow="180.00" occupancy="1.93" speed="12.95" harmonicMeanSpeed="12.93" length="5.00" nVehEntered="3"/>
    <interval begin="2160.00" end="2220.00" id="det_3" nVehContrib="1" flow="60.00" occupancy="0.67" speed="12.44" harmonicMeanSpeed="12.44" length="5.00" nVehEntered="1"/>
    <interval begin="2160.00" end="2220.00" id="det_4" nVehContrib="2" flow="120.00" occupancy="1.41" speed="11.84" harmonicMeanSpeed="11.78" length="5.00" nVehEntered="2"/>
    <interval begin="2160.00" end="2220.00" id="det_5" nVehContrib="3" flow="180.00" occupancy="1.81" speed="13.93" harmonicMeanSpeed="13.82" length="5.00" nVehEntered="3"/>
    <interval begin="2160.00" end="2220.00" id="det_6" nVehContrib="1" flow="60.00" occupancy="0.64" speed="13.04" harmonicMeanSpeed="13.04" length="5.00" nVehEntered="1"/>
    <interval begin="2160.00" end="2220.00" id="det_7" nVehContrib="2" flow="120.00" occupancy="1.28" speed="13.07" harmonicMeanSpeed="13.03" length="5.00" nVehEntered="2"/>
    <interval begin="2160.00" end="2220.00" id="det_8" nVehContrib="1" flow="60.00" occupancy="0.59" speed="14.17" harmonicMeanSpeed="14.17" length="5.00" nVehEntered="1"/>
    <interval begin="2220.00" end="2280.00" id="det_1" nVehContrib="2" flow="120.00" occupancy="1.32" speed="12.76" harmonicMeanSpeed="12.65" length="5.00" nVehEntered="2"/>
    <interval begin="2220.00" end="2280.00" id="det_2" nVehContrib="4" flow="240.00" occupancy="2.54" speed="13.19" harmonicMeanSpeed="13.11" length="5.00" nVehEntered="4"/>
    <interval begin="2220.00" end="2280.00" id="det_3" nVehContrib="0" flow="0.00" occupancy="0.00" speed="-1.00" harmonicMeanSpeed="-1.00" length="-1.00" nVehEntered="0"/>
    <interval begin="2220.00" end="2280.00" id="det_4" nVehContrib="2" flow="120.00" occupancy="1.29" speed="13.11" harmonicMeanSpeed="12.90" length="5.00" nVehEntered="2"/>
    <interval begin="2220.00" end="2280.00" id="det_5" nVehContrib="3" flow="180.00" occupancy="1.82" speed="13.77" harmonicMeanSpeed="13.77" length="5.00" nVehEntered="3"/>
    <interval begin="2220.00" end="2280.00" id="det_6" nVehContrib="1" flow="60.00" occupancy="0.62" speed="13.48" harmonicMeanSpeed="13.48" length="5.00" nVehEntered="1"/>
    <interval begin="2220.00" end="2280.00" id="det_7" nVehContrib="1" flow="60.00" occupancy="0.66" speed="12.67" harmonicMeanSpeed="12.67" length="5.00" nVehEntered="1"/>
    <interval begin="2220.00" end="2280.00" id="det_8" nVehContrib="3" flow="180.00" occupancy="1.78" speed="14.09" harmonicMeanSpeed="14.07" length="5.00" nVehEntered="3"/>
    <interval begin="2280.00" end="2340.00" id="det_1" nVehContrib="1" flow="60.00" occupancy="0.66" speed="12.65" harmonicMeanSpeed="12.65" length="5.00" nVehEntered="1"/>
    <interval begin="2280.00" end="2340.00" id="det_2" nVehContrib="2" flow="120.00" occupancy="1.33" speed="12.52" harmonicMeanSpeed="12.52" length="5.00" nVehEntered="2"/>
    <interval begin="2280.00" end="2340.00" id="det_3" nVehContrib="2" flow="120.00" occupancy="1.23" speed="13.55" harmonicMeanSpeed="13.55" length="5.00" nVehEntered="2"/>
    <interval begin="2280.00" end="2340.00" id="det_4" nVehContrib="4" flow="240.00" occupancy="2.29" speed="14.60" harmonicMeanSpeed="14.53" length="5.00" nVehEntered="4"/>
    <interval begin="2280.00" end="2340.00" id="det_5" nVehContrib="2" flow="120.00" occupancy="1.26" speed="13.27" harmonicMeanSpeed="13.24" length="5.00" nVehEntered="2"/>
    <interval begin="2280.00" end="2340.00" id="det_6" nVehContrib="2" flow="120.00" occupancy="1.35" speed="12.36" harmonicMeanSpeed="12.36" length="5.00" nVehEntered="2"/>
    <interval begin="2280.00" end="2340.00" id="det_7" nVehContrib="3" flow="180.00" occupancy="2.14" speed="11.75" harmonicMeanSpeed="11.69" length="5.00" nVehEntered="3"/>
    <interval begin="2280.00" end="2340.00" id="det_8" nVehContrib="3" flow="180.00" occupancy="1.87" speed="13.40" harmonicMeanSpeed="13.39" length="5.00" nVehEntered="3"/>
    <interval begin="2340.00" end="2400.00" id="det_1" nVehContrib="1" flow="60.00" occupancy="0.68" speed="12.30" harmonicMeanSpeed="12.30" length="5.00" nVehEntered="1"/>
    <interval begin="2340.00" end="2400.00" id="det_2" nVehContrib="2" flow="120.00" occupancy="1.30" speed="12.83" harmonicMeanSpeed="12.82" length="5.00" nVehEntered="2"/>
    <interval begin="2340.00" end="2400.00" id="det_3" nVehContrib="2" flow="120.00" occupancy="1.24" speed="13.43" harmonicMeanSpeed="13.41" length="5.00" nVehEntered="2"/>
    <interval begin="2340.00" end="2400.00" id="det_4" nVehContrib="1" flow="60.00" occupancy="0.62" speed="13.51" harmonicMeanSpeed="13.51" length="5.00" nVehEntered="1"/>
    <interval begin="2340.00" end="2400.00" id="det_5" nVehContrib="1" flow="60.00" occupancy="0.59" speed="14.12" harmonicMeanSpeed="14.12" length="5.00" nVehEntered="1"/>
    <interval begin="2340.00" end="2400.00" id="det_6" nVehContrib="2" flow="120.00" occupancy="1.29" speed="12.92" harmonicMeanSpeed="12.91" length="5.00" nVehEntered="2"/>
    <interval begin="2340.00" end="2400.00" id="det_7" nVehContrib="3" flow="180.00" occupancy="1.91" speed="13.14" harmonicMeanSpeed="13.11" length="5.00" nVehEntered="3"/>
    <interval begin="2340.00" end="2400.00" id="det_8" nVehContrib="1" flow="60.00" occupancy="0.61" speed="13.60" harmonicMeanSpeed="13.60" length="5.00" nVehEntered="1"/>
    <interval begin="2400.00" end="2460.00" id="det_1" nVehContrib="2" flow="120.00" occupancy="1.28" speed="13.22" harmonicMeanSpeed="13.04" length="5.00" nVehEntered="2"/>
    <interval begin="2400.00" end="2460.00" id="det_2" nVehContrib="0" flow="0.00" occupancy="0.00" speed="-1.00" harmonicMeanSpeed="-1.00" length="-1.00" nVehEntered="0"/>
    <interval begin="2400.00" end="2460.00" id="det_3" nVehContrib="3" flow="180.00" occupancy="2.16" speed="11.87" harmonicMeanSpeed="11.59" length="5.00" nVehEntered="3"/>
    <interval begin="2400.00" end="2460.00" id="det_4" nVehContrib="2" flow="120.00" occupancy="1.51" speed="11.35" harmonicMeanSpeed="11.01" length="5.00" nVehEntered="2"/>
    <interval begin="2400.00" end="2460.00" id="det_5" nVehContrib="0" flow="0.00" occupancy="0.00" speed="-1.00" harmonicMeanSpeed="-1.00" length="-1.00" nVehEntered="0"/>
    <interval begin="2400.00" end="2460.00" id="det_6" nVehContrib="0" flow="0.00" occupancy="0.00" speed="-1.00" harmonicMeanSpeed="-1.00" length="-1.00" nVehEntered="0"/>
    <interval begin="2400.00" end="2460.00" id="det_7" nVehContrib="1" flow="60.00" occupancy="0.73" speed="11.45" harmonicMeanSpeed="11.45" length="5.00" nVehEntered="1"/>
    <interval begin="2400.00" end="2460.00" id="det_8" nVehContrib="0" flow="0.00" occupancy="0.00" speed="-1.00" harmonicMeanSpeed="-1.00" length="-1.00" nVehEntered="0"/>
    <interval begin="2460.00" end="2520.00" id="det_1" nVehContrib="0" flow="0.00" occupancy="0.00" speed="-1.00" harmonicMeanSpeed="-1.00" length="-1.00" nVehEntered="0"/>
    <interval begin="2460.00" end="2520.00" id="det_2" nVehContrib="3" flow="180.00" occupancy="1.89" speed="13.22" harmonicMeanSpeed="13.21" length="5.00" nVehEntered="3"/>
    <interval begin="2460.00" end="2520.00" id="det_3" nVehContrib="2" flow="120.00" occupancy="1.22" speed="13.66" harmonicMeanSpeed="13.65" length="5.00" nVehEntered="2"/>
    <interval begin="2460.00" end="2520.00" id="det_4" nVehContrib="1" flow="60.00" occupancy="0.66" speed="12.66" harmonicMeanSpeed="12.66" length="5.00" nVehEntered="1"/>
    <interval begin="2460.00" end="2520.00" id="det_5" nVehContrib="4" flow="240.00" occupancy="2.44" speed="13.68" harmonicMeanSpeed="13.66" length="5.00" nVehEntered="4"/>
    <interval begin="2460.00" end="2520.00" id="det_6" nVehContrib="4" flow="240.00" occupancy="2.65" speed="12.58" harmonicMeanSpeed="12.56" length="5.00" nVehEntered="4"/>
    <interval begin="2460.00" end="2520.00" id="det_7" nVehContrib="1" flow="60.00" occupancy="0.59" speed="14.07" harmonicMeanSpeed="14.07" length="5.00" nVehEntered="1"/>
    <interval begin="2460.00" end="2520.00" id="det_8" nVehContrib="4" flow="240.00" occupancy="2.58" speed="13.07" harmonicMeanSpeed="12.90" length="5.00" nVehEntered="4"/>
    <interval begin="2520.00" end="2580.00" id="det_1" nVehContrib="1" flow="60.00" occupancy="0.65" speed="12.90" harmonicMeanSpeed="12.90" length="5.00" nVehEntered="1"/>
    <interval begin="2520.00" end="2580.00" id="det_2" nVehContrib="2" flow="120.00" occupancy="1.27" speed="13.10" harmonicMeanSpeed="13.08" length="5.00" nVehEntered="2"/>
    <interval begin="2520.00" end="2580.00" id="det_3" nVehContrib="2" flow="120.00" occupancy="1.21" speed="14.00" harmonicMeanSpeed="13.77" length="5.00" nVehEntered="2"/>
    <interval begin="2520.00" end="2580.00" id="det_4" nVehContrib="1" flow="60.00" occupancy="0.73" speed="11.36" harmonicMeanSpeed="11.36" length="5.00" nVehEntered="1"/>
    <interval begin="2520.00" end="2580.00" id="det_5" nVehContrib="3" flow="180.00" occupancy="2.09" speed="12.14" harmonicMeanSpeed="11.93" length="5.00" nVehEntered="3"/>
    <interval begin="2520.00" end="2580.00" id="det_6" nVehContrib="1" flow="60.00" occupancy="0.63" speed="13.33" harmonicMeanSpeed="13.33" length="5.00" nVehEntered="1"/>
    <interval begin="2520.00" end="2580.00" id="det_7" nVehContrib="2" flow="120.00" occupancy="1.35" speed="12.30" harmonicMeanSpeed="12.30" length="5.00" nVehEntered="2"/>
    <interval begin="2520.00" end="2580.00" id="det_8" nVehContrib="5" flow="300.00" occupancy="3.25" speed="12.86" harmonicMeanSpeed="12.81" length="5.00" nVehEntered="5"/>
    <interval begin="2580.00" end="2640.00" id="det_1" nVehContrib="2" flow="120.00" occupancy="1.35" speed="12.43" harmonicMeanSpeed="12.38" length="5.00" nVehEntered="2"/>
    <interval begin="2580.00" end="2640.00" id="det_2" nVehContrib="2" flow="120.00" occupancy="1.45" speed="11.65" harmonicMeanSpeed="11.49" length="5.00" nVehEntered="2"/>
    <interval begin="2580.00" end="2640.00" id="det_3" nVehContrib="4" flow="240.00" occupancy="2.49" speed="13.42" harmonicMeanSpeed="13.36" length="5.00" nVehEntered="4"/>
    <interval begin="2580.00" end="2640.00" id="det_4" nVehContrib="2" flow="120.00" occupancy="1.20" speed="13.96" harmonicMeanSpeed="13.91" length="5.00" nVehEntered="2"/>
    <interval begin="2580.00" end="2640.00" id="det_5" nVehContrib="2" flow="120.00" occupancy="1.32" speed="12.69" harmonicMeanSpeed="12.67" length="5.00" nVehEntered="2"/>
    <interval begin="2580.00" end="2640.00" id="det_6" nVehContrib="1" flow="60.00" occupancy="0.62" speed="13.39" harmonicMeanSpeed="13.39" length="5.00" nVehEntered="1"/>
    <interval begin="2580.00" end="2640.00" id="det_7" nVehContrib="2" flow="120.00" occupancy="1.30" speed="12.84" harmonicMeanSpeed="12.83" length="5.00" nVehEntered="2"/>
    <interval begin="2580.00" end="2640.00" id="det_8" nVehContrib="1" flow="60.00" occupancy="0.65" speed="12.75" harmonicMeanSpeed="12.75" length="5.00" nVehEntered="1"/>
    <interval begin="2640.00" end="2700.00" id="det_1" nVehContrib="2" flow="120.00" occupancy="1.34" speed="12.45" harmonicMeanSpeed="12.44" length="5.00" nVehEntered="2"/>
    <interval begin="2640.00" end="2700.00" id="det_2" nVehContrib="3" flow="180.00" occupancy="1.93" speed="12.97" harmonicMeanSpeed="12.92" length="5.00" nVehEntered="3"/>
    <interval begin="2640.00" end="2700.00" id="det_3" nVehContrib="1" flow="60.00" occupancy="0.61" speed="13.67" harmonicMeanSpeed="13.67" length="5.00" nVehEntered="1"/>
    <interval begin="2640.00" end="2700.00" id="det_4" nVehContrib="4" flow="240.00" occupancy="2.68" speed="12.53" harmonicMeanSpeed="12.42" length="5.00" nVehEntered="4"/>
    <interval begin="2640.00" end="2700.00" id="det_5" nVehContrib="2" flow="120.00" occupancy="1.41" speed="11.81" harmonicMeanSpeed="11.81" length="5.00" nVehEntered="2"/>
    <interval begin="2640.00" end="2700.00" id="det_6" nVehContrib="0" flow="0.00" occupancy="0.00" speed="-1.00" harmonicMeanSpeed="-1.00" length="-1.00" nVehEntered="0"/>
    <interval begin="2640.00" end="2700.00" id="det_7" nVehContrib="3" flow="180.00" occupancy="2.20" speed="11.38" harmonicMeanSpeed="11.36" length="5.00" nVehEntered="3"/>
    <interval begin="2640.00" end="2700.00" id="det_8" nVehContrib="3" flow="180.00" occupancy="1.91" speed="13.11" harmonicMeanSpeed="13.09" length="5.00" nVehEntered="3"/>
    <interval begin="2700.00" end="2760.00" id="det_1" nVehContrib="5" flow="300.00" occupancy="3.06" speed="13.65" harmonicMeanSpeed="13.62" length="5.00" nVehEntered="5"/>
    <interval begin="2700.00" end="2760.00" id="det_2" nVehContrib="2" flow="120.00" occupancy="1.23" speed="13.60" harmonicMeanSpeed="13.57" length="5.00" nVehEntered="2"/>
    <interval begin="2700.00" end="2760.00" id="det_3" nVehContrib="2" flow="120.00" occupancy="1.32" speed="12.65" harmonicMeanSpeed="12.64" length="5.00" nVehEntered="2"/>
    <interval begin="2700.00" end="2760.00" id="det_4" nVehContrib="4" flow="240.00" occupancy="2.62" speed="12.75" harmonicMeanSpeed="12.71" length="5.00" nVehEntered="4"/>
    <interval begin="2700.00" end="2760.00" id="det_5" nVehContrib="1" flow="60.00" occupancy="0.65" speed="12.77" harmonicMeanSpeed="12.77" length="5.00" nVehEntered="1"/>
    <interval begin="2700.00" end="2760.00" id="det_6" nVehContrib="2" flow="120.00" occupancy="1.43" speed="11.64" harmonicMeanSpeed="11.62" length="5.00" nVehEntered="2"/>
    <interval begin="2700.00" end="2760.00" id="det_7" nVehContrib="2" flow="120.00" occupancy="1.28" speed="13.19" harmonicMeanSpeed="13.06" length="5.00" nVehEntered="2"/>
    <interval begin="2700.00" end="2760.00" id="det_8" nVehContrib="2" flow="120.00" occupancy="1.33" speed="12.57" harmonicMeanSpeed="12.57" length="5.00" nVehEntered="2"/>
    <interval begin="2760.00" end="2820.00" id="det_1" nVehContrib="2" flow="120.00" occupancy="1.23" speed="13.59" harmonicMeanSpeed="13.59" length="5.00" nVehEntered="2"/>
    <interval begin="2760.00" end="2820.00" id="det_2" nVehContrib="6" flow="360.00" occupancy="3.89" speed="12.92" harmonicMeanSpeed="12.84" length="5.00" nVehEntered="6"/>
    <interval begin="2760.00" end="2820.00" id="det_3" nVehContrib="0" flow="0.00" occupancy="0.00" speed="-1.00" harmonicMeanSpeed="-1.00" length="-1.00" nVehEntered="0"/>
    <interval begin="2760.00" end="2820.00" id="det_4" nVehContrib="1" flow="60.00" occupancy="0.66" speed="12.57" harmonicMeanSpeed="12.57" length="5.00" nVehEntered="1"/>
    <interval begin="2760.00" end="2820.00" id="det_5" nVehContrib="4" flow="240.00" occupancy="2.58" speed="13.04" harmonicMeanSpeed="12.93" length="5.00" nVehEntered="4"/>
    <interval begin="2760.00" end="2820.00" id="det_6" nVehContrib="3" flow="180.00" occupancy="2.03" speed="12.39" harmonicMeanSpeed="12.34" length="5.00" nVehEntered="3"/>
    <interval begin="2760.00" end="2820.00" id="det_7" nVehContrib="2" flow="120.00" occupancy="1.25" speed="13.33" harmonicMeanSpeed="13.33" length="5.00" nVehEntered="2"/>
    <interval begin="2760.00" end="2820.00" id="det_8" nVehContrib="2" flow="120.00" occupancy="1.33" speed="12.61" harmonicMeanSpeed="12.56" length="5.00" nVehEntered="2"/>
    <interval begin="2820.00" end="2880.00" id="det_1" nVehContrib="2" flow="120.00" occupancy="1.31" speed="12.73" harmonicMeanSpeed="12.68" length="5.00" nVehEntered="2"/>
    <interval begin="2820.00" end="2880.00" id="det_2" nVehContrib="1" flow="60.00" occupancy="0.66" speed="12.62" harmonicMeanSpeed="12.62" length="5.00" nVehEntered="1"/>
    <interval begin="2820.00" end="2880.00" id="det_3" nVehContrib="2" flow="120.00" occupancy="1.25" speed="13.63" harmonicMeanSpeed="13.33" length="5.00" nVehEntered="2"/>
    <interval begin="2820.00" end="2880.00" id="det_4" nVehContrib="1" flow="60.00" occupancy="0.68" speed="12.24" harmonicMeanSpeed="12.24" length="5.00" nVehEntered="1"/>
    <interval begin="2820.00" end="2880.00" id="det_5" nVehContrib="3" flow="180.00" occupancy="1.88" speed="13.33" harmonicMeanSpeed="13.31" length="5.00" nVehEntered="3"/>
    <interval begin="2820.00" end="2880.00" id="det_6" nVehContrib="1" flow="60.00" occupancy="0.59" speed="14.23" harmonicMeanSpeed="14.23" length="5.00" nVehEntered="1"/>
    <interval begin="2820.00" end="2880.00" id="det_7" nVehContrib="2" flow="120.00" occupancy="1.34" speed="12.45" harmonicMeanSpeed="12.45" length="5.00" nVehEntered="2"/>
    <interval begin="2820.00" end="2880.00" id="det_8" nVehContrib="4" flow="240.00" occupancy="2.54" speed="13.21" harmonicMeanSpeed="13.11" length="5.00" nVehEntered="4"/>
    <interval begin="2880.00" end="2940.00" id="det_1" nVehContrib="4" flow="240.00" occupancy="2.70" speed="12.46" harmonicMeanSpeed="12.34" length="5.00" nVehEntered="4"/>
    <interval begin="2880.00" end="2940.00" id="det_2" nVehContrib="3" flow="180.00" occupancy="2.05" speed="12.36" harmonicMeanSpeed="12.19" length="5.00" nVehEntered="3"/>
    <interval begin="2880.00" end="2940.00" id="det_3" nVehContrib="2" flow="120.00" occupancy="1.45" speed="11.83" harmonicMeanSpeed="11.49" length="5.00" nVehEntered="2"/>
    <interval begin="2880.00" end="2940.00" id="det_4" nVehContrib="1" flow="60.00" occupancy="0.65" speed="12.90" harmonicMeanSpeed="12.90" length="5.00" nVehEntered="1"/>
    <interval begin="2880.00" end="2940.00" id="det_5" nVehContrib="1" flow="60.00" occupancy="0.66" speed="12.69" harmonicMeanSpeed="12.69" length="5.00" nVehEntered="1"/>
    <interval begin="2880.00" end="2940.00" id="det_6" nVehContrib="2" flow="120.00" occupancy="1.43" speed="11.70" harmonicMeanSpeed="11.65" length="5.00" nVehEntered="2"/>
    <interval begin="2880.00" end="2940.00" id="det_7" nVehContrib="2" flow="120.00" occupancy="1.33" speed="12.53" harmonicMeanSpeed="12.53" length="5.00" nVehEntered="2"/>
    <interval begin="2880.00" end="2940.00" id="det_8" nVehContrib="2" flow="120.00" occupancy="1.37" speed="12.34" harmonicMeanSpeed="12.18" length="5.00" nVehEntered="2"/>
    <interval begin="2940.00" end="3000.00" id="det_1" nVehContrib="1" flow="60.00" occupancy="0.73" speed="11.38" harmonicMeanSpeed="11.38" length="5.00" nVehEntered="1"/>
    <interval begin="2940.00" end="3000.00" id="det_2" nVehContrib="2" flow="120.00" occupancy="1.22" speed="13.70" harmonicMeanSpeed="13.70" length="5.00" nVehEntered="2"/>
    <interval begin="2940.00" end="3000.00" id="det_3" nVehContrib="3" flow="180.00" occupancy="1.96" speed="12.78" harmonicMeanSpeed="12.74" length="5.00" nVehEntered="3"/>
    <interval begin="2940.00" end="3000.00" id="det_4" nVehContrib="2" flow="120.00" occupancy="1.19" speed="14.05" harmonicMeanSpeed="14.02" length="5.00" nVehEntered="2"/>
    <interval begin="2940.00" end="3000.00" id="det_5" nVehContrib="3" flow="180.00" occupancy="1.86" speed="13.46" harmonicMeanSpeed="13.46" length="5.00" nVehEntered="3"/>
    <interval begin="2940.00" end="3000.00" id="det_6" nVehContrib="2" flow="120.00" occupancy="1.35" speed="12.46" harmonicMeanSpeed="12.32" length="5.00" nVehEntered="2"/>
    <interval begin="2940.00" end="3000.00" id="det_7" nVehContrib="3" flow="180.00" occupancy="1.85" speed="13.57" harmonicMeanSpeed="13.51" length="5.00" nVehEntered="3"/>
    <interval begin="2940.00" end="3000.00" id="det_8" nVehContrib="2" flow="120.00" occupancy="1.41" speed="11.87" harmonicMeanSpeed="11.82" length="5.00" nVehEntered="2"/>
    <interval begin="3000.00" end="3060.00" id="det_1" nVehContrib="1" flow="60.00" occupancy="0.66" speed="12.70" harmonicMeanSpeed="12.70" length="5.00" nVehEntered="1"/>
    <interval begin="3000.00" end="3060.00" id="det_2" nVehContrib="1" flow="60.00" occupancy="0.74" speed="11.31" harmonicMeanSpeed="11.31" length="5.00" nVehEntered="1"/>
    <interval begin="3000.00" end="3060.00" id="det_3" nVehContrib="3" flow="180.00" occupancy="1.78" speed="14.16" harmonicMeanSpeed="14.07" length="5.00" nVehEntered="3"/>
    <interval begin="3000.00" end="3060.00" id="det_4" nVehContrib="2" flow="120.00" occupancy="1.38" speed="12.10" harmonicMeanSpeed="12.04" length="5.00" nVehEntered="2"/>
    <interval begin="3000.00" end="3060.00" id="det_5" nVehContrib="3" flow="180.00" occupancy="1.84" speed="13.64" harmonicMeanSpeed="13.62" length="5.00" nVehEntered="3"/>
    <interval begin="3000.00" end="3060.00" id="det_6" nVehContrib="2" flow="120.00" occupancy="1.19" speed="14.07" harmonicMeanSpeed="13.97" length="5.00" nVehEntered="2"/>
    <interval begin="3000.00" end="3060.00" id="det_7" nVehContrib="2" flow="120.00" occupancy="1.34" speed="12.44" harmonicMeanSpeed="12.40" length="5.00" nVehEntered="2"/>
    <interval begin="3000.00" end="3060.00" id="det_8" nVehContrib="3" flow="180.00" occupancy="2.01" speed="12.55" harmonicMeanSpeed="12.45" length="5.00" nVehEntered="3"/>
    <interval begin="3060.00" end="3120.00" id="det_1" nVehContrib="0" flow="0.00" occupancy="0.00" speed="-1.00" harmonicMeanSpeed="-1.00" length="-1.00" nVehEntered="0"/>
    <interval begin="3060.00" end="3120.00" id="det_2" nVehContrib="2" flow="120.00" occupancy="1.32" speed="12.72" harmonicMeanSpeed="12.67" length="5.00" nVehEntered="2"/>
    <interval begin="3060.00" end="3120.00" id="det_3" nVehContrib="1" flow="60.00" occupancy="0.58" speed="14.26" harmonicMeanSpeed="14.26" length="5.00" nVehEntered="1"/>
    <interval begin="3060.00" end="3120.00" id="det_4" nVehContrib="2" flow="120.00" occupancy="1.33" speed="12.49" harmonicMeanSpeed="12.49" length="5.00" nVehEntered="2"/>
    <interval begin="3060.00" end="3120.00" id="det_5" nVehContrib="2" flow="120.00" occupancy="1.42" speed="11.80" harmonicMeanSpeed="11.73" length="5.00" nVehEntered="2"/>
    <interval begin="3060.00" end="3120.00" id="det_6" nVehContrib="1" flow="60.00" occupancy="0.60" speed="13.78" harmonicMeanSpeed="13.78" length="5.00" nVehEntered="1"/>
    <interval begin="3060.00" end="3120.00" id="det_7" nVehContrib="2" flow="120.00" occupancy="1.24" speed="13.44" harmonicMeanSpeed="13.43" length="5.00" nVehEntered="2"/>
    <interval begin="3060.00" end="3120.00" id="det_8" nVehContrib="2" flow="120.00" occupancy="1.34" speed="12.44" harmonicMeanSpeed="12.41" length="5.00" nVehEntered="2"/>
    <interval begin="3120.00" end="3180.00" id="det_1" nVehContrib="0" flow="0.00" occupancy="0.00" speed="-1.00" harmonicMeanSpeed="-1.00" length="-1.00" nVehEntered="0"/>
    <interval begin="3120.00" end="3180.00" id="det_2" nVehContrib="0" flow="0.00" occupancy="0.00" speed="-1.00" harmonicMeanSpeed="-1.00" length="-1.00" nVehEntered="0"/>
    <interval begin="3120.00" end="3180.00" id="det_3" nVehContrib="0" flow="0.00" occupancy="0.00" speed="-1.00" harmonicMeanSpeed="-1.00" length="-1.00" nVehEntered="0"/>
    <interval begin="3120.00" end="3180.00" id="det_4" nVehContrib="3" flow="180.00" occupancy="2.12" speed="12.01" harmonicMeanSpeed="11.81" length="5.00" nVehEntered="3"/>
    <interval begin="3120.00" end="3180.00" id="det_5" nVehContrib="1" flow="60.00" occupancy="0.64" speed="12.98" harmonicMeanSpeed="12.98" length="5.00" nVehEntered="1"/>
    <interval begin="3120.00" end="3180.00" id="det_6" nVehContrib="1" flow="60.00" occupancy="0.62" speed="13.39" harmonicMeanSpeed="13.39" length="5.00" nVehEntered="1"/>
    <interval begin="3120.00" end="3180.00" id="det_7" nVehContrib="3" flow="180.00" occupancy="2.02" speed="12.45" harmonicMeanSpeed="12.35" length="5.00" nVehEntered="3"/>
    <interval begin="3120.00" end="3180.00" id="det_8" nVehContrib="6" flow="360.00" occupancy="3.75" speed="13.34" harmonicMeanSpeed="13.32" length="5.00" nVehEntered="6"/>
    <interval begin="3180.00" end="3240.00" id="det_1" nVehContrib="3" flow="180.00" occupancy="1.89" speed="13.26" harmonicMeanSpeed="13.22" length="5.00" nVehEntered="3"/>
    <interval begin="3180.00" end="3240.00" id="det_2" nVehContrib="5" flow="300.00" occupancy="3.41" speed="12.40" harmonicMeanSpeed="12.22" length="5.00" nVehEntered="5"/>
    <interval begin="3180.00" end="3240.00" id="det_3" nVehContrib="1" flow="60.00" occupancy="0.65" speed="12.86" harmonicMeanSpeed="12.86" length="5.00" nVehEntered="1"/>
    <interval begin="3180.00" end="3240.00" id="det_4" nVehContrib="0" flow="0.00" occupancy="0.00" speed="-1.00" harmonicMeanSpeed="-1.00" length="-1.00" nVehEntered="0"/>
    <interval begin="3180.00" end="3240.00" id="det_5" nVehContrib="4" flow="240.00" occupancy="2.67" speed="12.74" harmonicMeanSpeed="12.49" length="5.00" nVehEntered="4"/>
    <interval begin="3180.00" end="3240.00" id="det_6" nVehContrib="1" flow="60.00" occupancy="0.66" speed="12.69" harmonicMeanSpeed="12.69" length="5.00" nVehEntered="1"/>
    <interval begin="3180.00" end="3240.00" id="det_7" nVehContrib="0" flow="0.00" occupancy="0.00" speed="-1.00" harmonicMeanSpeed="-1.00" length="-1.00" nVehEntered="0"/>
    <interval begin="3180.00" end="3240.00" id="det_8" nVehContrib="3" flow="180.00" occupancy="1.90" speed="13.36" harmonicMeanSpeed="13.15" length="5.00" nVehEntered="3"/>
    <interval begin="3240.00" end="3300.00" id="det_1" nVehContrib="2" flow="120.00" occupancy="1.31" speed="13.12" harmonicMeanSpeed="13.12" length="5.00" nVehEntered="3"/>
    <interval begin="3240.00" end="3300.00" id="det_2" nVehContrib="3" flow="180.00" occupancy="1.90" speed="13.20" harmonicMeanSpeed="13.13" length="5.00" nVehEntered="3"/>
    <interval begin="3240.00" end="3300.00" id="det_3" nVehContrib="3" flow="180.00" occupancy="2.06" speed="12.18" harmonicMeanSpeed="12.16" length="5.00" nVehEntered="3"/>
    <interval begin="3240.00" end="3300.00" id="det_4" nVehContrib="1" flow="60.00" occupancy="0.69" speed="12.04" harmonicMeanSpeed="12.04" length="5.00" nVehEntered="1"/>
    <interval begin="3240.00" end="3300.00" id="det_5" nVehContrib="0" flow="0.00" occupancy="0.00" speed="-1.00" harmonicMeanSpeed="-1.00" length="-1.00" nVehEntered="0"/>
    <interval begin="3240.00" end="3300.00" id="det_6" nVehContrib="0" flow="0.00" occupancy="0.00" speed="-1.00" harmonicMeanSpeed="-1.00" length="-1.00" nVehEntered="0"/>
    <interval begin="3240.00" end="3300.00" id="det_7" nVehContrib="2" flow="120.00" occupancy="1.28" speed="13.05" harmonicMeanSpeed="13.04" length="5.00" nVehEntered="2"/>
    <interval begin="3240.00" end="3300.00" id="det_8" nVehContrib="4" flow="240.00" occupancy="2.63" speed="13.08" harmonicMeanSpeed="12.66" length="5.00" nVehEntered="4"/>
    <interval begin="3300.00" end="3360.00" id="det_1" nVehContrib="2" flow="120.00" occupancy="1.41" speed="11.73" harmonicMeanSpeed="11.57" length="5.00" nVehEntered="1"/>
    <interval begin="3300.00" end="3360.00" id="det_2" nVehContrib="2" flow="120.00" occupancy="1.40" speed="12.14" harmonicMeanSpeed="11.90" length="5.00" nVehEntered="2"/>
    <interval begin="3300.00" end="3360.00" id="det_3" nVehContrib="1" flow="60.00" occupancy="0.66" speed="12.66" harmonicMeanSpeed="12.66" length="5.00" nVehEntered="1"/>
    <interval begin="3300.00" end="3360.00" id="det_4" nVehContrib="2" flow="120.00" occupancy="1.14" speed="14.68" harmonicMeanSpeed="14.67" length="5.00" nVehEntered="2"/>
    <interval begin="3300.00" end="3360.00" id="det_5" nVehContrib="4" flow="240.00" occupancy="2.62" speed="12.92" harmonicMeanSpeed="12.74" length="5.00" nVehEntered="4"/>
    <interval begin="3300.00" end="3360.00" id="det_6" nVehContrib="2" flow="120.00" occupancy="1.26" speed="13.21" harmonicMeanSpeed="13.19" length="5.00" nVehEntered="2"/>
    <interval begin="3300.00" end="3360.00" id="det_7" nVehContrib="2" flow="120.00" occupancy="1.26" speed="13.31" harmonicMeanSpeed="13.27" length="5.00" nVehEntered="2"/>
    <interval begin="3300.00" end="3360.00" id="det_8" nVehContrib="6" flow="360.00" occupancy="4.03" speed="12.56" harmonicMeanSpeed="12.41" length="5.00" nVehEntered="6"/>
    <interval begin="3360.00" end="3420.00" id="det_1" nVehContrib="2" flow="120.00" occupancy="1.22" speed="13.63" harmonicMeanSpeed="13.63" length="5.00" nVehEntered="2"/>
    <interval begin="3360.00" end="3420.00" id="det_2" nVehContrib="3" flow="180.00" occupancy="1.88" speed="13.40" harmonicMeanSpeed="13.28" length="5.00" nVehEntered="3"/>
    <interval begin="3360.00" end="3420.00" id="det_3" nVehContrib="3" flow="180.00" occupancy="1.89" speed="13.25" harmonicMeanSpeed="13.21" length="5.00" nVehEntered="3"/>
    <interval begin="3360.00" end="3420.00" id="det_4" nVehContrib="4" flow="240.00" occupancy="2.63" speed="12.74" harmonicMeanSpeed="12.66" length="5.00" nVehEntered="4"/>
    <interval begin="3360.00" end="3420.00" id="det_5" nVehContrib="2" flow="120.00" occupancy="1.42" speed="11.75" harmonicMeanSpeed="11.75" length="5.00" nVehEntered="2"/>
    <interval begin="3360.00" end="3420.00" id="det_6" nVehContrib="2" flow="120.00" occupancy="1.35" speed="12.42" harmonicMeanSpeed="12.35" length="5.00" nVehEntered="2"/>
    <interval begin="3360.00" end="3420.00" id="det_7" nVehContrib="2" flow="120.00" occupancy="1.31" speed="12.73" harmonicMeanSpeed="12.73" length="5.00" nVehEntered="2"/>
    <interval begin="3360.00" end="3420.00" id="det_8" nVehContrib="2" flow="120.00" occupancy="1.23" speed="13.64" harmonicMeanSpeed="13.60" length="5.00" nVehEntered="2"/>
    <interval begin="3420.00" end="3480.00" id="det_1" nVehContrib="3" flow="180.00" occupancy="2.06" speed="12.32" harmonicMeanSpeed="12.13" length="5.00" nVehEntered="3"/>
    <interval begin="3420.00" end="3480.00" id="det_2" nVehContrib="4" flow="240.00" occupancy="2.64" speed="13.07" harmonicMeanSpeed="12.65" length="5.00" nVehEntered="4"/>
    <interval begin="3420.00" end="3480.00" id="det_3" nVehContrib="1" flow="60.00" occupancy="0.63" speed="13.27" harmonicMeanSpeed="13.27" length="5.00" nVehEntered="1"/>
    <interval begin="3420.00" end="3480.00" id="det_4" nVehContrib="2" flow="120.00" occupancy="1.29" speed="12.91" harmonicMeanSpeed="12.90" length="5.00" nVehEntered="2"/>
    <interval begin="3420.00" end="3480.00" id="det_5" nVehContrib="3" flow="180.00" occupancy="2.11" speed="12.14" harmonicMeanSpeed="11.87" length="5.00" nVehEntered="3"/>
    <interval begin="3420.00" end="3480.00" id="det_6" nVehContrib="2" flow="120.00" occupancy="1.36" speed="12.28" harmonicMeanSpeed="12.28" length="5.00" nVehEntered="2"/>
    <interval begin="3420.00" end="3480.00" id="det_7" nVehContrib="2" flow="120.00" occupancy="1.83" speed="11.82" harmonicMeanSpeed="11.82" length="5.00" nVehEntered="3"/>
    <interval begin="3420.00" end="3480.00" id="det_8" nVehContrib="0" flow="0.00" occupancy="0.00" speed="-1.00" harmonicMeanSpeed="-1.00" length="-1.00" nVehEntered="0"/>
    <interval begin="3480.00" end="3540.00" id="det_1" nVehContrib="2" flow="120.00" occupancy="1.32" speed="12.65" harmonicMeanSpeed="12.65" length="5.00" nVehEntered="2"/>
    <interval begin="3480.00" end="3540.00" id="det_2" nVehContrib="2" flow="120.00" occupancy="1.22" speed="13.70" harmonicMeanSpeed="13.61" length="5.00" nVehEntered="2"/>
    <interval begin="3480.00" end="3540.00" id="det_3" nVehContrib="2" flow="120.00" occupancy="1.34" speed="12.62" harmonicMeanSpeed="12.47" length="5.00" nVehEntered="2"/>
    <interval begin="3480.00" end="3540.00" id="det_4" nVehContrib="1" flow="60.00" occupancy="0.65" speed="12.89" harmonicMeanSpeed="12.89" length="5.00" nVehEntered="1"/>
    <interval begin="3480.00" end="3540.00" id="det_5" nVehContrib="2" flow="120.00" occupancy="1.24" speed="13.50" harmonicMeanSpeed="13.43" length="5.00" nVehEntered="2"/>
    <interval begin="3480.00" end="3540.00" id="det_6" nVehContrib="3" flow="180.00" occupancy="1.98" speed="12.65" harmonicMeanSpeed="12.60" length="5.00" nVehEntered="3"/>
    <interval begin="3480.00" end="3540.00" id="det_7" nVehContrib="3" flow="180.00" occupancy="1.56" speed="12.67" harmonicMeanSpeed="12.59" length="5.00" nVehEntered="2"/>
    <interval begin="3480.00" end="3540.00" id="det_8" nVehContrib="2" flow="120.00" occupancy="1.35" speed="12.43" harmonicMeanSpeed="12.37" length="5.00" nVehEntered="2"/>
    <interval begin="3540.00" end="3600.00" id="det_1" nVehContrib="1" flow="60.00" occupancy="0.61" speed="13.71" harmonicMeanSpeed="13.71" length="5.00" nVehEntered="1"/>
    <interval begin="3540.00" end="3600.00" id="det_2" nVehContrib="3" flow="180.00" occupancy="1.80" speed="13.94" harmonicMeanSpeed="13.93" length="5.00" nVehEntered="3"/>
    <interval begin="3540.00" end="3600.00" id="det_3" nVehContrib="3" flow="180.00" occupancy="1.88" speed="13.32" harmonicMeanSpeed="13.31" length="5.00" nVehEntered="3"/>
    <interval begin="3540.00" end="3600.00" id="det_4" nVehContrib="1" flow="60.00" occupancy="0.71" speed="11.78" harmonicMeanSpeed="11.78" length="5.00" nVehEntered="1"/>
    <interval begin="3540.00" end="3600.00" id="det_5" nVehContrib="2" flow="120.00" occupancy="1.11" speed="15.12" harmonicMeanSpeed="15.06" length="5.00" nVehEntered="2"/>
    <interval begin="3540.00" end="3600.00" id="det_6" nVehContrib="0" flow="0.00" occupancy="0.00" speed="-1.00" harmonicMeanSpeed="-1.00" length="-1.00" nVehEntered="0"/>
    <interval begin="3540.00" end="3600.00" id="det_7" nVehContrib="1" flow="60.00" occupancy="0.62" speed="13.45" harmonicMeanSpeed="13.45" length="5.00" nVehEntered="1"/>
    <interval begin="3540.00" end="3600.00" id="det_8" nVehContrib="1" flow="60.00" occupancy="0.55" speed="15.14" harmonicMeanSpeed="15.14" length="5.00" nVehEntered="1"/>
    <interval begin="3600.00" end="3628.00" id="det_1" nVehContrib="0" flow="0.00" occupancy="0.00" speed="-1.00" harmonicMeanSpeed="-1.00" length="-1.00" nVehEntered="0"/>
    <interval begin="3600.00" end="3628.00" id="det_2" nVehContrib="0" flow="0.00" occupancy="0.00" speed="-1.00" harmonicMeanSpeed="-1.00" length="-1.00" nVehEntered="0"/>
    <interval begin="3600.00" end="3628.00" id="det_3" nVehContrib="0" flow="0.00" occupancy="0.00" speed="-1.00" harmonicMeanSpeed="-1.00" length="-1.00" nVehEntered="0"/>
    <interval begin="3600.00" end="3628.00" id="det_4" nVehContrib="0" flow="0.00" occupancy="0.00" speed="-1.00" harmonicMeanSpeed="-1.00" length="-1.00" nVehEntered="0"/>
    <interval begin="3600.00" end="3628.00" id="det_5" nVehContrib="0" flow="0.00" occupancy="0.00" speed="-1.00" harmonicMeanSpeed="-1.00" length="-1.00" nVehEntered="0"/>
    <interval begin="3600.00" end="3628.00" id="det_6" nVehContrib="0" flow="0.00" occupancy="0.00" speed="-1.00" harmonicMeanSpeed="-1.00" length="-1.00" nVehEntered="0"/>
    <interval begin="3600.00" end="3628.00" id="det_7" nVehContrib="0" flow="0.00" occupancy="0.00" speed="-1.00" harmonicMeanSpeed="-1.00" length="-1.00" nVehEntered="0"/>
    <interval begin="3600.00" end="3628.00" id="det_8" nVehContrib="2" flow="257.14" occupancy="2.65" speed="13.48" harmonicMeanSpeed="13.47" length="5.00" nVehEntered="2"/>
</detector>
