<?xml version="1.0" encoding="UTF-8"?>

<!-- generated on 2025-10-19 00:53:44 by Eclipse SUMO netgenerate Version 1.24.0
<netgenerateConfiguration xmlns:xsi="http://www.w3.org/2001/XMLSchema-instance" xsi:noNamespaceSchemaLocation="http://sumo.dlr.de/xsd/netgenerateConfiguration.xsd">

    <grid_network>
        <grid value="true"/>
        <grid.number value="4"/>
    </grid_network>

    <output>
        <output-file value="grid.net.xml"/>
    </output>

</netgenerateConfiguration>
-->

<net version="1.20" junctionCornerDetail="5" limitTurnSpeed="5.50" xmlns:xsi="http://www.w3.org/2001/XMLSchema-instance" xsi:noNamespaceSchemaLocation="http://sumo.dlr.de/xsd/net_file.xsd">

    <location netOffset="0.00,0.00" convBoundary="0.00,0.00,300.00,300.00" origBoundary="0.00,0.00,300.00,300.00" projParameter="!"/>

    <edge id=":A0_0" function="internal">
        <lane id=":A0_0_0" index="0" speed="6.08" length="7.74" shape="-1.60,3.20 -1.30,1.10 -0.40,-0.40 1.10,-1.30 3.20,-1.60"/>
    </edge>
    <edge id=":A0_1" function="internal">
        <lane id=":A0_1_0" index="0" speed="3.90" length="2.58" shape="3.20,1.60 2.50,1.70 2.00,2.00 1.70,2.50 1.60,3.20"/>
    </edge>
    <edge id=":A1_0" function="internal">
        <lane id=":A1_0_0" index="0" speed="13.89" length="14.40" shape="-1.60,107.20 -1.60,92.80"/>
    </edge>
    <edge id=":A1_1" function="internal">
        <lane id=":A1_1_0" index="0" speed="8.00" length="4.07" shape="-1.60,107.20 -1.05,103.35 -0.96,103.20"/>
    </edge>
    <edge id=":A1_2" function="internal">
        <lane id=":A1_2_0" index="0" speed="3.65" length="1.44" shape="-1.60,107.20 -0.80,106.00"/>
    </edge>
    <edge id=":A1_9" function="internal">
        <lane id=":A1_9_0" index="0" speed="8.00" length="10.13" shape="-0.96,103.20 0.60,100.60 3.35,98.95 7.20,98.40"/>
    </edge>
    <edge id=":A1_10" function="internal">
        <lane id=":A1_10_0" index="0" speed="3.65" length="3.23" shape="-0.80,106.00 0.00,105.60 0.80,106.00 1.60,107.20"/>
    </edge>
    <edge id=":A1_3" function="internal">
        <lane id=":A1_3_0" index="0" speed="6.51" length="9.03" shape="7.20,101.60 4.75,101.95 3.00,103.00 1.95,104.75 1.60,107.20"/>
    </edge>
    <edge id=":A1_4" function="internal">
        <lane id=":A1_4_0" index="0" speed="8.00" length="14.19" shape="7.20,101.60 3.35,101.05 0.60,99.40 -1.05,96.65 -1.60,92.80"/>
    </edge>
    <edge id=":A1_5" function="internal">
        <lane id=":A1_5_0" index="0" speed="3.65" length="4.67" shape="7.20,101.60 6.00,100.80 5.60,100.00 6.00,99.20 7.20,98.40"/>
    </edge>
    <edge id=":A1_6" function="internal">
        <lane id=":A1_6_0" index="0" speed="6.51" length="9.03" shape="1.60,92.80 1.95,95.25 3.00,97.00 4.75,98.05 7.20,98.40"/>
    </edge>
    <edge id=":A1_7" function="internal">
        <lane id=":A1_7_0" index="0" speed="13.89" length="14.40" shape="1.60,92.80 1.60,107.20"/>
    </edge>
    <edge id=":A1_8" function="internal">
        <lane id=":A1_8_0" index="0" speed="3.65" length="1.44" shape="1.60,92.80 0.80,94.00"/>
    </edge>
    <edge id=":A1_11" function="internal">
        <lane id=":A1_11_0" index="0" speed="3.65" length="3.23" shape="0.80,94.00 0.00,94.40 -0.80,94.00 -1.60,92.80"/>
    </edge>
    <edge id=":A2_0" function="internal">
        <lane id=":A2_0_0" index="0" speed="13.89" length="14.40" shape="-1.60,207.20 -1.60,192.80"/>
    </edge>
    <edge id=":A2_1" function="internal">
        <lane id=":A2_1_0" index="0" speed="8.00" length="4.07" shape="-1.60,207.20 -1.05,203.35 -0.96,203.20"/>
    </edge>
    <edge id=":A2_2" function="internal">
        <lane id=":A2_2_0" index="0" speed="3.65" length="1.44" shape="-1.60,207.20 -0.80,206.00"/>
    </edge>
    <edge id=":A2_9" function="internal">
        <lane id=":A2_9_0" index="0" speed="8.00" length="10.13" shape="-0.96,203.20 0.60,200.60 3.35,198.95 7.20,198.40"/>
    </edge>
    <edge id=":A2_10" function="internal">
        <lane id=":A2_10_0" index="0" speed="3.65" length="3.23" shape="-0.80,206.00 0.00,205.60 0.80,206.00 1.60,207.20"/>
    </edge>
    <edge id=":A2_3" function="internal">
        <lane id=":A2_3_0" index="0" speed="6.51" length="9.03" shape="7.20,201.60 4.75,201.95 3.00,203.00 1.95,204.75 1.60,207.20"/>
    </edge>
    <edge id=":A2_4" function="internal">
        <lane id=":A2_4_0" index="0" speed="8.00" length="14.19" shape="7.20,201.60 3.35,201.05 0.60,199.40 -1.05,196.65 -1.60,192.80"/>
    </edge>
    <edge id=":A2_5" function="internal">
        <lane id=":A2_5_0" index="0" speed="3.65" length="4.67" shape="7.20,201.60 6.00,200.80 5.60,200.00 6.00,199.20 7.20,198.40"/>
    </edge>
    <edge id=":A2_6" function="internal">
        <lane id=":A2_6_0" index="0" speed="6.51" length="9.03" shape="1.60,192.80 1.95,195.25 3.00,197.00 4.75,198.05 7.20,198.40"/>
    </edge>
    <edge id=":A2_7" function="internal">
        <lane id=":A2_7_0" index="0" speed="13.89" length="14.40" shape="1.60,192.80 1.60,207.20"/>
    </edge>
    <edge id=":A2_8" function="internal">
        <lane id=":A2_8_0" index="0" speed="3.65" length="1.44" shape="1.60,192.80 0.80,194.00"/>
    </edge>
    <edge id=":A2_11" function="internal">
        <lane id=":A2_11_0" index="0" speed="3.65" length="3.23" shape="0.80,194.00 0.00,194.40 -0.80,194.00 -1.60,192.80"/>
    </edge>
    <edge id=":A3_0" function="internal">
        <lane id=":A3_0_0" index="0" speed="6.08" length="7.74" shape="3.20,301.60 1.10,301.30 -0.40,300.40 -1.30,298.90 -1.60,296.80"/>
    </edge>
    <edge id=":A3_1" function="internal">
        <lane id=":A3_1_0" index="0" speed="3.90" length="2.58" shape="1.60,296.80 1.70,297.50 2.00,298.00 2.50,298.30 3.20,298.40"/>
    </edge>
    <edge id=":B0_0" function="internal">
        <lane id=":B0_0_0" index="0" speed="6.51" length="9.03" shape="98.40,7.20 98.05,4.75 97.00,3.00 95.25,1.95 92.80,1.60"/>
    </edge>
    <edge id=":B0_1" function="internal">
        <lane id=":B0_1_0" index="0" speed="8.00" length="14.19" shape="98.40,7.20 98.95,3.35 100.60,0.60 103.35,-1.05 107.20,-1.60"/>
    </edge>
    <edge id=":B0_2" function="internal">
        <lane id=":B0_2_0" index="0" speed="3.65" length="4.67" shape="98.40,7.20 99.20,6.00 100.00,5.60 100.80,6.00 101.60,7.20"/>
    </edge>
    <edge id=":B0_3" function="internal">
        <lane id=":B0_3_0" index="0" speed="6.51" length="9.03" shape="107.20,1.60 104.75,1.95 103.00,3.00 101.95,4.75 101.60,7.20"/>
    </edge>
    <edge id=":B0_4" function="internal">
        <lane id=":B0_4_0" index="0" speed="13.89" length="14.40" shape="107.20,1.60 92.80,1.60"/>
    </edge>
    <edge id=":B0_5" function="internal">
        <lane id=":B0_5_0" index="0" speed="3.65" length="1.44" shape="107.20,1.60 106.00,0.80"/>
    </edge>
    <edge id=":B0_9" function="internal">
        <lane id=":B0_9_0" index="0" speed="3.65" length="3.23" shape="106.00,0.80 105.60,0.00 106.00,-0.80 107.20,-1.60"/>
    </edge>
    <edge id=":B0_6" function="internal">
        <lane id=":B0_6_0" index="0" speed="13.89" length="14.40" shape="92.80,-1.60 107.20,-1.60"/>
    </edge>
    <edge id=":B0_7" function="internal">
        <lane id=":B0_7_0" index="0" speed="8.00" length="4.07" shape="92.80,-1.60 96.65,-1.05 96.80,-0.96"/>
    </edge>
    <edge id=":B0_8" function="internal">
        <lane id=":B0_8_0" index="0" speed="3.65" length="1.44" shape="92.80,-1.60 94.00,-0.80"/>
    </edge>
    <edge id=":B0_10" function="internal">
        <lane id=":B0_10_0" index="0" speed="8.00" length="10.13" shape="96.80,-0.96 99.40,0.60 101.05,3.35 101.60,7.20"/>
    </edge>
    <edge id=":B0_11" function="internal">
        <lane id=":B0_11_0" index="0" speed="3.65" length="3.23" shape="94.00,-0.80 94.40,0.00 94.00,0.80 92.80,1.60"/>
    </edge>
    <edge id=":B1_0" function="internal">
        <lane id=":B1_0_0" index="0" speed="6.51" length="9.03" shape="98.40,107.20 98.05,104.75 97.00,103.00 95.25,101.95 92.80,101.60"/>
    </edge>
    <edge id=":B1_1" function="internal">
        <lane id=":B1_1_0" index="0" speed="13.89" length="14.40" shape="98.40,107.20 98.40,92.80"/>
    </edge>
    <edge id=":B1_2" function="internal">
        <lane id=":B1_2_0" index="0" speed="8.00" length="4.07" shape="98.40,107.20 98.95,103.35 99.04,103.20"/>
    </edge>
    <edge id=":B1_3" function="internal">
        <lane id=":B1_3_0" index="0" speed="3.65" length="1.44" shape="98.40,107.20 99.20,106.00"/>
    </edge>
    <edge id=":B1_16" function="internal">
        <lane id=":B1_16_0" index="0" speed="8.00" length="10.13" shape="99.04,103.20 100.60,100.60 103.35,98.95 107.20,98.40"/>
    </edge>
    <edge id=":B1_17" function="internal">
        <lane id=":B1_17_0" index="0" speed="3.65" length="3.23" shape="99.20,106.00 100.00,105.60 100.80,106.00 101.60,107.20"/>
    </edge>
    <edge id=":B1_4" function="internal">
        <lane id=":B1_4_0" index="0" speed="6.51" length="9.03" shape="107.20,101.60 104.75,101.95 103.00,103.00 101.95,104.75 101.60,107.20"/>
    </edge>
    <edge id=":B1_5" function="internal">
        <lane id=":B1_5_0" index="0" speed="13.89" length="14.40" shape="107.20,101.60 92.80,101.60"/>
    </edge>
    <edge id=":B1_6" function="internal">
        <lane id=":B1_6_0" index="0" speed="8.00" length="14.19" shape="107.20,101.60 103.35,101.05 100.60,99.40 98.95,96.65 98.40,92.80"/>
    </edge>
    <edge id=":B1_7" function="internal">
        <lane id=":B1_7_0" index="0" speed="3.65" length="4.67" shape="107.20,101.60 106.00,100.80 105.60,100.00 106.00,99.20 107.20,98.40"/>
    </edge>
    <edge id=":B1_8" function="internal">
        <lane id=":B1_8_0" index="0" speed="6.51" length="9.03" shape="101.60,92.80 101.95,95.25 103.00,97.00 104.75,98.05 107.20,98.40"/>
    </edge>
    <edge id=":B1_9" function="internal">
        <lane id=":B1_9_0" index="0" speed="13.89" length="14.40" shape="101.60,92.80 101.60,107.20"/>
    </edge>
    <edge id=":B1_10" function="internal">
        <lane id=":B1_10_0" index="0" speed="8.00" length="4.07" shape="101.60,92.80 101.05,96.65 100.96,96.80"/>
    </edge>
    <edge id=":B1_11" function="internal">
        <lane id=":B1_11_0" index="0" speed="3.65" length="1.44" shape="101.60,92.80 100.80,94.00"/>
    </edge>
    <edge id=":B1_18" function="internal">
        <lane id=":B1_18_0" index="0" speed="8.00" length="10.13" shape="100.96,96.80 99.40,99.40 96.65,101.05 92.80,101.60"/>
    </edge>
    <edge id=":B1_19" function="internal">
        <lane id=":B1_19_0" index="0" speed="3.65" length="3.23" shape="100.80,94.00 100.00,94.40 99.20,94.00 98.40,92.80"/>
    </edge>
    <edge id=":B1_12" function="internal">
        <lane id=":B1_12_0" index="0" speed="6.51" length="9.03" shape="92.80,98.40 95.25,98.05 97.00,97.00 98.05,95.25 98.40,92.80"/>
    </edge>
    <edge id=":B1_13" function="internal">
        <lane id=":B1_13_0" index="0" speed="13.89" length="14.40" shape="92.80,98.40 107.20,98.40"/>
    </edge>
    <edge id=":B1_14" function="internal">
        <lane id=":B1_14_0" index="0" speed="8.00" length="14.19" shape="92.80,98.40 96.65,98.95 99.40,100.60 101.05,103.35 101.60,107.20"/>
    </edge>
    <edge id=":B1_15" function="internal">
        <lane id=":B1_15_0" index="0" speed="3.65" length="4.67" shape="92.80,98.40 94.00,99.20 94.40,100.00 94.00,100.80 92.80,101.60"/>
    </edge>
    <edge id=":B2_0" function="internal">
        <lane id=":B2_0_0" index="0" speed="6.51" length="9.03" shape="98.40,207.20 98.05,204.75 97.00,203.00 95.25,201.95 92.80,201.60"/>
    </edge>
    <edge id=":B2_1" function="internal">
        <lane id=":B2_1_0" index="0" speed="13.89" length="14.40" shape="98.40,207.20 98.40,192.80"/>
    </edge>
    <edge id=":B2_2" function="internal">
        <lane id=":B2_2_0" index="0" speed="8.00" length="4.07" shape="98.40,207.20 98.95,203.35 99.04,203.20"/>
    </edge>
    <edge id=":B2_3" function="internal">
        <lane id=":B2_3_0" index="0" speed="3.65" length="1.44" shape="98.40,207.20 99.20,206.00"/>
    </edge>
    <edge id=":B2_16" function="internal">
        <lane id=":B2_16_0" index="0" speed="8.00" length="10.13" shape="99.04,203.20 100.60,200.60 103.35,198.95 107.20,198.40"/>
    </edge>
    <edge id=":B2_17" function="internal">
        <lane id=":B2_17_0" index="0" speed="3.65" length="3.23" shape="99.20,206.00 100.00,205.60 100.80,206.00 101.60,207.20"/>
    </edge>
    <edge id=":B2_4" function="internal">
        <lane id=":B2_4_0" index="0" speed="6.51" length="9.03" shape="107.20,201.60 104.75,201.95 103.00,203.00 101.95,204.75 101.60,207.20"/>
    </edge>
    <edge id=":B2_5" function="internal">
        <lane id=":B2_5_0" index="0" speed="13.89" length="14.40" shape="107.20,201.60 92.80,201.60"/>
    </edge>
    <edge id=":B2_6" function="internal">
        <lane id=":B2_6_0" index="0" speed="8.00" length="14.19" shape="107.20,201.60 103.35,201.05 100.60,199.40 98.95,196.65 98.40,192.80"/>
    </edge>
    <edge id=":B2_7" function="internal">
        <lane id=":B2_7_0" index="0" speed="3.65" length="4.67" shape="107.20,201.60 106.00,200.80 105.60,200.00 106.00,199.20 107.20,198.40"/>
    </edge>
    <edge id=":B2_8" function="internal">
        <lane id=":B2_8_0" index="0" speed="6.51" length="9.03" shape="101.60,192.80 101.95,195.25 103.00,197.00 104.75,198.05 107.20,198.40"/>
    </edge>
    <edge id=":B2_9" function="internal">
        <lane id=":B2_9_0" index="0" speed="13.89" length="14.40" shape="101.60,192.80 101.60,207.20"/>
    </edge>
    <edge id=":B2_10" function="internal">
        <lane id=":B2_10_0" index="0" speed="8.00" length="4.07" shape="101.60,192.80 101.05,196.65 100.96,196.80"/>
    </edge>
    <edge id=":B2_11" function="internal">
        <lane id=":B2_11_0" index="0" speed="3.65" length="1.44" shape="101.60,192.80 100.80,194.00"/>
    </edge>
    <edge id=":B2_18" function="internal">
        <lane id=":B2_18_0" index="0" speed="8.00" length="10.13" shape="100.96,196.80 99.40,199.40 96.65,201.05 92.80,201.60"/>
    </edge>
    <edge id=":B2_19" function="internal">
        <lane id=":B2_19_0" index="0" speed="3.65" length="3.23" shape="100.80,194.00 100.00,194.40 99.20,194.00 98.40,192.80"/>
    </edge>
    <edge id=":B2_12" function="internal">
        <lane id=":B2_12_0" index="0" speed="6.51" length="9.03" shape="92.80,198.40 95.25,198.05 97.00,197.00 98.05,195.25 98.40,192.80"/>
    </edge>
    <edge id=":B2_13" function="internal">
        <lane id=":B2_13_0" index="0" speed="13.89" length="14.40" shape="92.80,198.40 107.20,198.40"/>
    </edge>
    <edge id=":B2_14" function="internal">
        <lane id=":B2_14_0" index="0" speed="8.00" length="14.19" shape="92.80,198.40 96.65,198.95 99.40,200.60 101.05,203.35 101.60,207.20"/>
    </edge>
    <edge id=":B2_15" function="internal">
        <lane id=":B2_15_0" index="0" speed="3.65" length="4.67" shape="92.80,198.40 94.00,199.20 94.40,200.00 94.00,200.80 92.80,201.60"/>
    </edge>
    <edge id=":B3_0" function="internal">
        <lane id=":B3_0_0" index="0" speed="13.89" length="14.40" shape="107.20,301.60 92.80,301.60"/>
    </edge>
    <edge id=":B3_1" function="internal">
        <lane id=":B3_1_0" index="0" speed="8.00" length="4.07" shape="107.20,301.60 103.35,301.05 103.20,300.96"/>
    </edge>
    <edge id=":B3_2" function="internal">
        <lane id=":B3_2_0" index="0" speed="3.65" length="1.44" shape="107.20,301.60 106.00,300.80"/>
    </edge>
    <edge id=":B3_9" function="internal">
        <lane id=":B3_9_0" index="0" speed="8.00" length="10.13" shape="103.20,300.96 100.60,299.40 98.95,296.65 98.40,292.80"/>
    </edge>
    <edge id=":B3_10" function="internal">
        <lane id=":B3_10_0" index="0" speed="3.65" length="3.23" shape="106.00,300.80 105.60,300.00 106.00,299.20 107.20,298.40"/>
    </edge>
    <edge id=":B3_3" function="internal">
        <lane id=":B3_3_0" index="0" speed="6.51" length="9.03" shape="101.60,292.80 101.95,295.25 103.00,297.00 104.75,298.05 107.20,298.40"/>
    </edge>
    <edge id=":B3_4" function="internal">
        <lane id=":B3_4_0" index="0" speed="8.00" length="14.19" shape="101.60,292.80 101.05,296.65 99.40,299.40 96.65,301.05 92.80,301.60"/>
    </edge>
    <edge id=":B3_5" function="internal">
        <lane id=":B3_5_0" index="0" speed="3.65" length="4.67" shape="101.60,292.80 100.80,294.00 100.00,294.40 99.20,294.00 98.40,292.80"/>
    </edge>
    <edge id=":B3_6" function="internal">
        <lane id=":B3_6_0" index="0" speed="6.51" length="9.03" shape="92.80,298.40 95.25,298.05 97.00,297.00 98.05,295.25 98.40,292.80"/>
    </edge>
    <edge id=":B3_7" function="internal">
        <lane id=":B3_7_0" index="0" speed="13.89" length="14.40" shape="92.80,298.40 107.20,298.40"/>
    </edge>
    <edge id=":B3_8" function="internal">
        <lane id=":B3_8_0" index="0" speed="3.65" length="1.44" shape="92.80,298.40 94.00,299.20"/>
    </edge>
    <edge id=":B3_11" function="internal">
        <lane id=":B3_11_0" index="0" speed="3.65" length="3.23" shape="94.00,299.20 94.40,300.00 94.00,300.80 92.80,301.60"/>
    </edge>
    <edge id=":C0_0" function="internal">
        <lane id=":C0_0_0" index="0" speed="6.51" length="9.03" shape="198.40,7.20 198.05,4.75 197.00,3.00 195.25,1.95 192.80,1.60"/>
    </edge>
    <edge id=":C0_1" function="internal">
        <lane id=":C0_1_0" index="0" speed="8.00" length="14.19" shape="198.40,7.20 198.95,3.35 200.60,0.60 203.35,-1.05 207.20,-1.60"/>
    </edge>
    <edge id=":C0_2" function="internal">
        <lane id=":C0_2_0" index="0" speed="3.65" length="4.67" shape="198.40,7.20 199.20,6.00 200.00,5.60 200.80,6.00 201.60,7.20"/>
    </edge>
    <edge id=":C0_3" function="internal">
        <lane id=":C0_3_0" index="0" speed="6.51" length="9.03" shape="207.20,1.60 204.75,1.95 203.00,3.00 201.95,4.75 201.60,7.20"/>
    </edge>
    <edge id=":C0_4" function="internal">
        <lane id=":C0_4_0" index="0" speed="13.89" length="14.40" shape="207.20,1.60 192.80,1.60"/>
    </edge>
    <edge id=":C0_5" function="internal">
        <lane id=":C0_5_0" index="0" speed="3.65" length="1.44" shape="207.20,1.60 206.00,0.80"/>
    </edge>
    <edge id=":C0_9" function="internal">
        <lane id=":C0_9_0" index="0" speed="3.65" length="3.23" shape="206.00,0.80 205.60,0.00 206.00,-0.80 207.20,-1.60"/>
    </edge>
    <edge id=":C0_6" function="internal">
        <lane id=":C0_6_0" index="0" speed="13.89" length="14.40" shape="192.80,-1.60 207.20,-1.60"/>
    </edge>
    <edge id=":C0_7" function="internal">
        <lane id=":C0_7_0" index="0" speed="8.00" length="4.07" shape="192.80,-1.60 196.65,-1.05 196.80,-0.96"/>
    </edge>
    <edge id=":C0_8" function="internal">
        <lane id=":C0_8_0" index="0" speed="3.65" length="1.44" shape="192.80,-1.60 194.00,-0.80"/>
    </edge>
    <edge id=":C0_10" function="internal">
        <lane id=":C0_10_0" index="0" speed="8.00" length="10.13" shape="196.80,-0.96 199.40,0.60 201.05,3.35 201.60,7.20"/>
    </edge>
    <edge id=":C0_11" function="internal">
        <lane id=":C0_11_0" index="0" speed="3.65" length="3.23" shape="194.00,-0.80 194.40,0.00 194.00,0.80 192.80,1.60"/>
    </edge>
    <edge id=":C1_0" function="internal">
        <lane id=":C1_0_0" index="0" speed="6.51" length="9.03" shape="198.40,107.20 198.05,104.75 197.00,103.00 195.25,101.95 192.80,101.60"/>
    </edge>
    <edge id=":C1_1" function="internal">
        <lane id=":C1_1_0" index="0" speed="13.89" length="14.40" shape="198.40,107.20 198.40,92.80"/>
    </edge>
    <edge id=":C1_2" function="internal">
        <lane id=":C1_2_0" index="0" speed="8.00" length="4.07" shape="198.40,107.20 198.95,103.35 199.04,103.20"/>
    </edge>
    <edge id=":C1_3" function="internal">
        <lane id=":C1_3_0" index="0" speed="3.65" length="1.44" shape="198.40,107.20 199.20,106.00"/>
    </edge>
    <edge id=":C1_16" function="internal">
        <lane id=":C1_16_0" index="0" speed="8.00" length="10.13" shape="199.04,103.20 200.60,100.60 203.35,98.95 207.20,98.40"/>
    </edge>
    <edge id=":C1_17" function="internal">
        <lane id=":C1_17_0" index="0" speed="3.65" length="3.23" shape="199.20,106.00 200.00,105.60 200.80,106.00 201.60,107.20"/>
    </edge>
    <edge id=":C1_4" function="internal">
        <lane id=":C1_4_0" index="0" speed="6.51" length="9.03" shape="207.20,101.60 204.75,101.95 203.00,103.00 201.95,104.75 201.60,107.20"/>
    </edge>
    <edge id=":C1_5" function="internal">
        <lane id=":C1_5_0" index="0" speed="13.89" length="14.40" shape="207.20,101.60 192.80,101.60"/>
    </edge>
    <edge id=":C1_6" function="internal">
        <lane id=":C1_6_0" index="0" speed="8.00" length="14.19" shape="207.20,101.60 203.35,101.05 200.60,99.40 198.95,96.65 198.40,92.80"/>
    </edge>
    <edge id=":C1_7" function="internal">
        <lane id=":C1_7_0" index="0" speed="3.65" length="4.67" shape="207.20,101.60 206.00,100.80 205.60,100.00 206.00,99.20 207.20,98.40"/>
    </edge>
    <edge id=":C1_8" function="internal">
        <lane id=":C1_8_0" index="0" speed="6.51" length="9.03" shape="201.60,92.80 201.95,95.25 203.00,97.00 204.75,98.05 207.20,98.40"/>
    </edge>
    <edge id=":C1_9" function="internal">
        <lane id=":C1_9_0" index="0" speed="13.89" length="14.40" shape="201.60,92.80 201.60,107.20"/>
    </edge>
    <edge id=":C1_10" function="internal">
        <lane id=":C1_10_0" index="0" speed="8.00" length="4.07" shape="201.60,92.80 201.05,96.65 200.96,96.80"/>
    </edge>
    <edge id=":C1_11" function="internal">
        <lane id=":C1_11_0" index="0" speed="3.65" length="1.44" shape="201.60,92.80 200.80,94.00"/>
    </edge>
    <edge id=":C1_18" function="internal">
        <lane id=":C1_18_0" index="0" speed="8.00" length="10.13" shape="200.96,96.80 199.40,99.40 196.65,101.05 192.80,101.60"/>
    </edge>
    <edge id=":C1_19" function="internal">
        <lane id=":C1_19_0" index="0" speed="3.65" length="3.23" shape="200.80,94.00 200.00,94.40 199.20,94.00 198.40,92.80"/>
    </edge>
    <edge id=":C1_12" function="internal">
        <lane id=":C1_12_0" index="0" speed="6.51" length="9.03" shape="192.80,98.40 195.25,98.05 197.00,97.00 198.05,95.25 198.40,92.80"/>
    </edge>
    <edge id=":C1_13" function="internal">
        <lane id=":C1_13_0" index="0" speed="13.89" length="14.40" shape="192.80,98.40 207.20,98.40"/>
    </edge>
    <edge id=":C1_14" function="internal">
        <lane id=":C1_14_0" index="0" speed="8.00" length="14.19" shape="192.80,98.40 196.65,98.95 199.40,100.60 201.05,103.35 201.60,107.20"/>
    </edge>
    <edge id=":C1_15" function="internal">
        <lane id=":C1_15_0" index="0" speed="3.65" length="4.67" shape="192.80,98.40 194.00,99.20 194.40,100.00 194.00,100.80 192.80,101.60"/>
    </edge>
    <edge id=":C2_0" function="internal">
        <lane id=":C2_0_0" index="0" speed="6.51" length="9.03" shape="198.40,207.20 198.05,204.75 197.00,203.00 195.25,201.95 192.80,201.60"/>
    </edge>
    <edge id=":C2_1" function="internal">
        <lane id=":C2_1_0" index="0" speed="13.89" length="14.40" shape="198.40,207.20 198.40,192.80"/>
    </edge>
    <edge id=":C2_2" function="internal">
        <lane id=":C2_2_0" index="0" speed="8.00" length="4.07" shape="198.40,207.20 198.95,203.35 199.04,203.20"/>
    </edge>
    <edge id=":C2_3" function="internal">
        <lane id=":C2_3_0" index="0" speed="3.65" length="1.44" shape="198.40,207.20 199.20,206.00"/>
    </edge>
    <edge id=":C2_16" function="internal">
        <lane id=":C2_16_0" index="0" speed="8.00" length="10.13" shape="199.04,203.20 200.60,200.60 203.35,198.95 207.20,198.40"/>
    </edge>
    <edge id=":C2_17" function="internal">
        <lane id=":C2_17_0" index="0" speed="3.65" length="3.23" shape="199.20,206.00 200.00,205.60 200.80,206.00 201.60,207.20"/>
    </edge>
    <edge id=":C2_4" function="internal">
        <lane id=":C2_4_0" index="0" speed="6.51" length="9.03" shape="207.20,201.60 204.75,201.95 203.00,203.00 201.95,204.75 201.60,207.20"/>
    </edge>
    <edge id=":C2_5" function="internal">
        <lane id=":C2_5_0" index="0" speed="13.89" length="14.40" shape="207.20,201.60 192.80,201.60"/>
    </edge>
    <edge id=":C2_6" function="internal">
        <lane id=":C2_6_0" index="0" speed="8.00" length="14.19" shape="207.20,201.60 203.35,201.05 200.60,199.40 198.95,196.65 198.40,192.80"/>
    </edge>
    <edge id=":C2_7" function="internal">
        <lane id=":C2_7_0" index="0" speed="3.65" length="4.67" shape="207.20,201.60 206.00,200.80 205.60,200.00 206.00,199.20 207.20,198.40"/>
    </edge>
    <edge id=":C2_8" function="internal">
        <lane id=":C2_8_0" index="0" speed="6.51" length="9.03" shape="201.60,192.80 201.95,195.25 203.00,197.00 204.75,198.05 207.20,198.40"/>
    </edge>
    <edge id=":C2_9" function="internal">
        <lane id=":C2_9_0" index="0" speed="13.89" length="14.40" shape="201.60,192.80 201.60,207.20"/>
    </edge>
    <edge id=":C2_10" function="internal">
        <lane id=":C2_10_0" index="0" speed="8.00" length="4.07" shape="201.60,192.80 201.05,196.65 200.96,196.80"/>
    </edge>
    <edge id=":C2_11" function="internal">
        <lane id=":C2_11_0" index="0" speed="3.65" length="1.44" shape="201.60,192.80 200.80,194.00"/>
    </edge>
    <edge id=":C2_18" function="internal">
        <lane id=":C2_18_0" index="0" speed="8.00" length="10.13" shape="200.96,196.80 199.40,199.40 196.65,201.05 192.80,201.60"/>
    </edge>
    <edge id=":C2_19" function="internal">
        <lane id=":C2_19_0" index="0" speed="3.65" length="3.23" shape="200.80,194.00 200.00,194.40 199.20,194.00 198.40,192.80"/>
    </edge>
    <edge id=":C2_12" function="internal">
        <lane id=":C2_12_0" index="0" speed="6.51" length="9.03" shape="192.80,198.40 195.25,198.05 197.00,197.00 198.05,195.25 198.40,192.80"/>
    </edge>
    <edge id=":C2_13" function="internal">
        <lane id=":C2_13_0" index="0" speed="13.89" length="14.40" shape="192.80,198.40 207.20,198.40"/>
    </edge>
    <edge id=":C2_14" function="internal">
        <lane id=":C2_14_0" index="0" speed="8.00" length="14.19" shape="192.80,198.40 196.65,198.95 199.40,200.60 201.05,203.35 201.60,207.20"/>
    </edge>
    <edge id=":C2_15" function="internal">
        <lane id=":C2_15_0" index="0" speed="3.65" length="4.67" shape="192.80,198.40 194.00,199.20 194.40,200.00 194.00,200.80 192.80,201.60"/>
    </edge>
    <edge id=":C3_0" function="internal">
        <lane id=":C3_0_0" index="0" speed="13.89" length="14.40" shape="207.20,301.60 192.80,301.60"/>
    </edge>
    <edge id=":C3_1" function="internal">
        <lane id=":C3_1_0" index="0" speed="8.00" length="4.07" shape="207.20,301.60 203.35,301.05 203.20,300.96"/>
    </edge>
    <edge id=":C3_2" function="internal">
        <lane id=":C3_2_0" index="0" speed="3.65" length="1.44" shape="207.20,301.60 206.00,300.80"/>
    </edge>
    <edge id=":C3_9" function="internal">
        <lane id=":C3_9_0" index="0" speed="8.00" length="10.13" shape="203.20,300.96 200.60,299.40 198.95,296.65 198.40,292.80"/>
    </edge>
    <edge id=":C3_10" function="internal">
        <lane id=":C3_10_0" index="0" speed="3.65" length="3.23" shape="206.00,300.80 205.60,300.00 206.00,299.20 207.20,298.40"/>
    </edge>
    <edge id=":C3_3" function="internal">
        <lane id=":C3_3_0" index="0" speed="6.51" length="9.03" shape="201.60,292.80 201.95,295.25 203.00,297.00 204.75,298.05 207.20,298.40"/>
    </edge>
    <edge id=":C3_4" function="internal">
        <lane id=":C3_4_0" index="0" speed="8.00" length="14.19" shape="201.60,292.80 201.05,296.65 199.40,299.40 196.65,301.05 192.80,301.60"/>
    </edge>
    <edge id=":C3_5" function="internal">
        <lane id=":C3_5_0" index="0" speed="3.65" length="4.67" shape="201.60,292.80 200.80,294.00 200.00,294.40 199.20,294.00 198.40,292.80"/>
    </edge>
    <edge id=":C3_6" function="internal">
        <lane id=":C3_6_0" index="0" speed="6.51" length="9.03" shape="192.80,298.40 195.25,298.05 197.00,297.00 198.05,295.25 198.40,292.80"/>
    </edge>
    <edge id=":C3_7" function="internal">
        <lane id=":C3_7_0" index="0" speed="13.89" length="14.40" shape="192.80,298.40 207.20,298.40"/>
    </edge>
    <edge id=":C3_8" function="internal">
        <lane id=":C3_8_0" index="0" speed="3.65" length="1.44" shape="192.80,298.40 194.00,299.20"/>
    </edge>
    <edge id=":C3_11" function="internal">
        <lane id=":C3_11_0" index="0" speed="3.65" length="3.23" shape="194.00,299.20 194.40,300.00 194.00,300.80 192.80,301.60"/>
    </edge>
    <edge id=":D0_0" function="internal">
        <lane id=":D0_0_0" index="0" speed="3.90" length="2.58" shape="298.40,3.20 298.30,2.50 298.00,2.00 297.50,1.70 296.80,1.60"/>
    </edge>
    <edge id=":D0_1" function="internal">
        <lane id=":D0_1_0" index="0" speed="6.08" length="7.74" shape="296.80,-1.60 298.90,-1.30 300.40,-0.40 301.30,1.10 301.60,3.20"/>
    </edge>
    <edge id=":D1_0" function="internal">
        <lane id=":D1_0_0" index="0" speed="6.51" length="9.03" shape="298.40,107.20 298.05,104.75 297.00,103.00 295.25,101.95 292.80,101.60"/>
    </edge>
    <edge id=":D1_1" function="internal">
        <lane id=":D1_1_0" index="0" speed="13.89" length="14.40" shape="298.40,107.20 298.40,92.80"/>
    </edge>
    <edge id=":D1_2" function="internal">
        <lane id=":D1_2_0" index="0" speed="3.65" length="1.44" shape="298.40,107.20 299.20,106.00"/>
    </edge>
    <edge id=":D1_9" function="internal">
        <lane id=":D1_9_0" index="0" speed="3.65" length="3.23" shape="299.20,106.00 300.00,105.60 300.80,106.00 301.60,107.20"/>
    </edge>
    <edge id=":D1_3" function="internal">
        <lane id=":D1_3_0" index="0" speed="13.89" length="14.40" shape="301.60,92.80 301.60,107.20"/>
    </edge>
    <edge id=":D1_4" function="internal">
        <lane id=":D1_4_0" index="0" speed="8.00" length="4.07" shape="301.60,92.80 301.05,96.65 300.96,96.80"/>
    </edge>
    <edge id=":D1_5" function="internal">
        <lane id=":D1_5_0" index="0" speed="3.65" length="1.44" shape="301.60,92.80 300.80,94.00"/>
    </edge>
    <edge id=":D1_10" function="internal">
        <lane id=":D1_10_0" index="0" speed="8.00" length="10.13" shape="300.96,96.80 299.40,99.40 296.65,101.05 292.80,101.60"/>
    </edge>
    <edge id=":D1_11" function="internal">
        <lane id=":D1_11_0" index="0" speed="3.65" length="3.23" shape="300.80,94.00 300.00,94.40 299.20,94.00 298.40,92.80"/>
    </edge>
    <edge id=":D1_6" function="internal">
        <lane id=":D1_6_0" index="0" speed="6.51" length="9.03" shape="292.80,98.40 295.25,98.05 297.00,97.00 298.05,95.25 298.40,92.80"/>
    </edge>
    <edge id=":D1_7" function="internal">
        <lane id=":D1_7_0" index="0" speed="8.00" length="14.19" shape="292.80,98.40 296.65,98.95 299.40,100.60 301.05,103.35 301.60,107.20"/>
    </edge>
    <edge id=":D1_8" function="internal">
        <lane id=":D1_8_0" index="0" speed="3.65" length="4.67" shape="292.80,98.40 294.00,99.20 294.40,100.00 294.00,100.80 292.80,101.60"/>
    </edge>
    <edge id=":D2_0" function="internal">
        <lane id=":D2_0_0" index="0" speed="6.51" length="9.03" shape="298.40,207.20 298.05,204.75 297.00,203.00 295.25,201.95 292.80,201.60"/>
    </edge>
    <edge id=":D2_1" function="internal">
        <lane id=":D2_1_0" index="0" speed="13.89" length="14.40" shape="298.40,207.20 298.40,192.80"/>
    </edge>
    <edge id=":D2_2" function="internal">
        <lane id=":D2_2_0" index="0" speed="3.65" length="1.44" shape="298.40,207.20 299.20,206.00"/>
    </edge>
    <edge id=":D2_9" function="internal">
        <lane id=":D2_9_0" index="0" speed="3.65" length="3.23" shape="299.20,206.00 300.00,205.60 300.80,206.00 301.60,207.20"/>
    </edge>
    <edge id=":D2_3" function="internal">
        <lane id=":D2_3_0" index="0" speed="13.89" length="14.40" shape="301.60,192.80 301.60,207.20"/>
    </edge>
    <edge id=":D2_4" function="internal">
        <lane id=":D2_4_0" index="0" speed="8.00" length="4.07" shape="301.60,192.80 301.05,196.65 300.96,196.80"/>
    </edge>
    <edge id=":D2_5" function="internal">
        <lane id=":D2_5_0" index="0" speed="3.65" length="1.44" shape="301.60,192.80 300.80,194.00"/>
    </edge>
    <edge id=":D2_10" function="internal">
        <lane id=":D2_10_0" index="0" speed="8.00" length="10.13" shape="300.96,196.80 299.40,199.40 296.65,201.05 292.80,201.60"/>
    </edge>
    <edge id=":D2_11" function="internal">
        <lane id=":D2_11_0" index="0" speed="3.65" length="3.23" shape="300.80,194.00 300.00,194.40 299.20,194.00 298.40,192.80"/>
    </edge>
    <edge id=":D2_6" function="internal">
        <lane id=":D2_6_0" index="0" speed="6.51" length="9.03" shape="292.80,198.40 295.25,198.05 297.00,197.00 298.05,195.25 298.40,192.80"/>
    </edge>
    <edge id=":D2_7" function="internal">
        <lane id=":D2_7_0" index="0" speed="8.00" length="14.19" shape="292.80,198.40 296.65,198.95 299.40,200.60 301.05,203.35 301.60,207.20"/>
    </edge>
    <edge id=":D2_8" function="internal">
        <lane id=":D2_8_0" index="0" speed="3.65" length="4.67" shape="292.80,198.40 294.00,199.20 294.40,200.00 294.00,200.80 292.80,201.60"/>
    </edge>
    <edge id=":D3_0" function="internal">
        <lane id=":D3_0_0" index="0" speed="6.08" length="7.74" shape="301.60,296.80 301.30,298.90 300.40,300.40 298.90,301.30 296.80,301.60"/>
    </edge>
    <edge id=":D3_1" function="internal">
        <lane id=":D3_1_0" index="0" speed="3.90" length="2.58" shape="296.80,298.40 297.50,298.30 298.00,298.00 298.30,297.50 298.40,296.80"/>
    </edge>

    <edge id="A0A1" from="A0" to="A1" priority="-1">
        <lane id="A0A1_0" index="0" speed="13.89" length="89.60" shape="1.60,3.20 1.60,92.80"/>
    </edge>
    <edge id="A0B0" from="A0" to="B0" priority="-1">
        <lane id="A0B0_0" index="0" speed="13.89" length="89.60" shape="3.20,-1.60 92.80,-1.60"/>
    </edge>
    <edge id="A1A0" from="A1" to="A0" priority="-1">
        <lane id="A1A0_0" index="0" speed="13.89" length="89.60" shape="-1.60,92.80 -1.60,3.20"/>
    </edge>
    <edge id="A1A2" from="A1" to="A2" priority="-1">
        <lane id="A1A2_0" index="0" speed="13.89" length="85.60" shape="1.60,107.20 1.60,192.80"/>
    </edge>
    <edge id="A1B1" from="A1" to="B1" priority="-1">
        <lane id="A1B1_0" index="0" speed="13.89" length="85.60" shape="7.20,98.40 92.80,98.40"/>
    </edge>
    <edge id="A2A1" from="A2" to="A1" priority="-1">
        <lane id="A2A1_0" index="0" speed="13.89" length="85.60" shape="-1.60,192.80 -1.60,107.20"/>
    </edge>
    <edge id="A2A3" from="A2" to="A3" priority="-1">
        <lane id="A2A3_0" index="0" speed="13.89" length="89.60" shape="1.60,207.20 1.60,296.80"/>
    </edge>
    <edge id="A2B2" from="A2" to="B2" priority="-1">
        <lane id="A2B2_0" index="0" speed="13.89" length="85.60" shape="7.20,198.40 92.80,198.40"/>
    </edge>
    <edge id="A3A2" from="A3" to="A2" priority="-1">
        <lane id="A3A2_0" index="0" speed="13.89" length="89.60" shape="-1.60,296.80 -1.60,207.20"/>
    </edge>
    <edge id="A3B3" from="A3" to="B3" priority="-1">
        <lane id="A3B3_0" index="0" speed="13.89" length="89.60" shape="3.20,298.40 92.80,298.40"/>
    </edge>
    <edge id="B0A0" from="B0" to="A0" priority="-1">
        <lane id="B0A0_0" index="0" speed="13.89" length="89.60" shape="92.80,1.60 3.20,1.60"/>
    </edge>
    <edge id="B0B1" from="B0" to="B1" priority="-1">
        <lane id="B0B1_0" index="0" speed="13.89" length="85.60" shape="101.60,7.20 101.60,92.80"/>
    </edge>
    <edge id="B0C0" from="B0" to="C0" priority="-1">
        <lane id="B0C0_0" index="0" speed="13.89" length="85.60" shape="107.20,-1.60 192.80,-1.60"/>
    </edge>
    <edge id="B1A1" from="B1" to="A1" priority="-1">
        <lane id="B1A1_0" index="0" speed="13.89" length="85.60" shape="92.80,101.60 7.20,101.60"/>
    </edge>
    <edge id="B1B0" from="B1" to="B0" priority="-1">
        <lane id="B1B0_0" index="0" speed="13.89" length="85.60" shape="98.40,92.80 98.40,7.20"/>
    </edge>
    <edge id="B1B2" from="B1" to="B2" priority="-1">
        <lane id="B1B2_0" index="0" speed="13.89" length="85.60" shape="101.60,107.20 101.60,192.80"/>
    </edge>
    <edge id="B1C1" from="B1" to="C1" priority="-1">
        <lane id="B1C1_0" index="0" speed="13.89" length="85.60" shape="107.20,98.40 192.80,98.40"/>
    </edge>
    <edge id="B2A2" from="B2" to="A2" priority="-1">
        <lane id="B2A2_0" index="0" speed="13.89" length="85.60" shape="92.80,201.60 7.20,201.60"/>
    </edge>
    <edge id="B2B1" from="B2" to="B1" priority="-1">
        <lane id="B2B1_0" index="0" speed="13.89" length="85.60" shape="98.40,192.80 98.40,107.20"/>
    </edge>
    <edge id="B2B3" from="B2" to="B3" priority="-1">
        <lane id="B2B3_0" index="0" speed="13.89" length="85.60" shape="101.60,207.20 101.60,292.80"/>
    </edge>
    <edge id="B2C2" from="B2" to="C2" priority="-1">
        <lane id="B2C2_0" index="0" speed="13.89" length="85.60" shape="107.20,198.40 192.80,198.40"/>
    </edge>
    <edge id="B3A3" from="B3" to="A3" priority="-1">
        <lane id="B3A3_0" index="0" speed="13.89" length="89.60" shape="92.80,301.60 3.20,301.60"/>
    </edge>
    <edge id="B3B2" from="B3" to="B2" priority="-1">
        <lane id="B3B2_0" index="0" speed="13.89" length="85.60" shape="98.40,292.80 98.40,207.20"/>
    </edge>
    <edge id="B3C3" from="B3" to="C3" priority="-1">
        <lane id="B3C3_0" index="0" speed="13.89" length="85.60" shape="107.20,298.40 192.80,298.40"/>
    </edge>
    <edge id="C0B0" from="C0" to="B0" priority="-1">
        <lane id="C0B0_0" index="0" speed="13.89" length="85.60" shape="192.80,1.60 107.20,1.60"/>
    </edge>
    <edge id="C0C1" from="C0" to="C1" priority="-1">
        <lane id="C0C1_0" index="0" speed="13.89" length="85.60" shape="201.60,7.20 201.60,92.80"/>
    </edge>
    <edge id="C0D0" from="C0" to="D0" priority="-1">
        <lane id="C0D0_0" index="0" speed="13.89" length="89.60" shape="207.20,-1.60 296.80,-1.60"/>
    </edge>
    <edge id="C1B1" from="C1" to="B1" priority="-1">
        <lane id="C1B1_0" index="0" speed="13.89" length="85.60" shape="192.80,101.60 107.20,101.60"/>
    </edge>
    <edge id="C1C0" from="C1" to="C0" priority="-1">
        <lane id="C1C0_0" index="0" speed="13.89" length="85.60" shape="198.40,92.80 198.40,7.20"/>
    </edge>
    <edge id="C1C2" from="C1" to="C2" priority="-1">
        <lane id="C1C2_0" index="0" speed="13.89" length="85.60" shape="201.60,107.20 201.60,192.80"/>
    </edge>
    <edge id="C1D1" from="C1" to="D1" priority="-1">
        <lane id="C1D1_0" index="0" speed="13.89" length="85.60" shape="207.20,98.40 292.80,98.40"/>
    </edge>
    <edge id="C2B2" from="C2" to="B2" priority="-1">
        <lane id="C2B2_0" index="0" speed="13.89" length="85.60" shape="192.80,201.60 107.20,201.60"/>
    </edge>
    <edge id="C2C1" from="C2" to="C1" priority="-1">
        <lane id="C2C1_0" index="0" speed="13.89" length="85.60" shape="198.40,192.80 198.40,107.20"/>
    </edge>
    <edge id="C2C3" from="C2" to="C3" priority="-1">
        <lane id="C2C3_0" index="0" speed="13.89" length="85.60" shape="201.60,207.20 201.60,292.80"/>
    </edge>
    <edge id="C2D2" from="C2" to="D2" priority="-1">
        <lane id="C2D2_0" index="0" speed="13.89" length="85.60" shape="207.20,198.40 292.80,198.40"/>
    </edge>
    <edge id="C3B3" from="C3" to="B3" priority="-1">
        <lane id="C3B3_0" index="0" speed="13.89" length="85.60" shape="192.80,301.60 107.20,301.60"/>
    </edge>
    <edge id="C3C2" from="C3" to="C2" priority="-1">
        <lane id="C3C2_0" index="0" speed="13.89" length="85.60" shape="198.40,292.80 198.40,207.20"/>
    </edge>
    <edge id="C3D3" from="C3" to="D3" priority="-1">
        <lane id="C3D3_0" index="0" speed="13.89" length="89.60" shape="207.20,298.40 296.80,298.40"/>
    </edge>
    <edge id="D0C0" from="D0" to="C0" priority="-1">
        <lane id="D0C0_0" index="0" speed="13.89" length="89.60" shape="296.80,1.60 207.20,1.60"/>
    </edge>
    <edge id="D0D1" from="D0" to="D1" priority="-1">
        <lane id="D0D1_0" index="0" speed="13.89" length="89.60" shape="301.60,3.20 301.60,92.80"/>
    </edge>
    <edge id="D1C1" from="D1" to="C1" priority="-1">
        <lane id="D1C1_0" index="0" speed="13.89" length="85.60" shape="292.80,101.60 207.20,101.60"/>
    </edge>
    <edge id="D1D0" from="D1" to="D0" priority="-1">
        <lane id="D1D0_0" index="0" speed="13.89" length="89.60" shape="298.40,92.80 298.40,3.20"/>
    </edge>
    <edge id="D1D2" from="D1" to="D2" priority="-1">
        <lane id="D1D2_0" index="0" speed="13.89" length="85.60" shape="301.60,107.20 301.60,192.80"/>
    </edge>
    <edge id="D2C2" from="D2" to="C2" priority="-1">
        <lane id="D2C2_0" index="0" speed="13.89" length="85.60" shape="292.80,201.60 207.20,201.60"/>
    </edge>
    <edge id="D2D1" from="D2" to="D1" priority="-1">
        <lane id="D2D1_0" index="0" speed="13.89" length="85.60" shape="298.40,192.80 298.40,107.20"/>
    </edge>
    <edge id="D2D3" from="D2" to="D3" priority="-1">
        <lane id="D2D3_0" index="0" speed="13.89" length="89.60" shape="301.60,207.20 301.60,296.80"/>
    </edge>
    <edge id="D3C3" from="D3" to="C3" priority="-1">
        <lane id="D3C3_0" index="0" speed="13.89" length="89.60" shape="296.80,301.60 207.20,301.60"/>
    </edge>
    <edge id="D3D2" from="D3" to="D2" priority="-1">
        <lane id="D3D2_0" index="0" speed="13.89" length="89.60" shape="298.40,296.80 298.40,207.20"/>
    </edge>

    <junction id="A0" type="priority" x="0.00" y="0.00" incLanes="A1A0_0 B0A0_0" intLanes=":A0_0_0 :A0_1_0" shape="-3.20,3.20 3.20,3.20 3.20,-3.20 -0.36,-2.49 -1.60,-1.60 -2.49,-0.36 -3.02,1.24">
        <request index="0" response="00" foes="00" cont="0"/>
        <request index="1" response="00" foes="00" cont="0"/>
    </junction>
    <junction id="A1" type="priority" x="0.00" y="100.00" incLanes="A2A1_0 B1A1_0 A0A1_0" intLanes=":A1_0_0 :A1_9_0 :A1_10_0 :A1_3_0 :A1_4_0 :A1_5_0 :A1_6_0 :A1_7_0 :A1_11_0" shape="-3.20,107.20 3.20,107.20 3.64,104.98 4.20,104.20 4.98,103.64 5.98,103.31 7.20,103.20 7.20,96.80 4.98,96.36 4.20,95.80 3.64,95.02 3.31,94.02 3.20,92.80 -3.20,92.80">
        <request index="0" response="000000000" foes="100010000" cont="0"/>
        <request index="1" response="011000000" foes="011110000" cont="1"/>
        <request index="2" response="010001000" foes="010001000" cont="1"/>
        <request index="3" response="010000000" foes="010000100" cont="0"/>
        <request index="4" response="010000011" foes="110000011" cont="0"/>
        <request index="5" response="001000010" foes="001000010" cont="0"/>
        <request index="6" response="000000000" foes="000100010" cont="0"/>
        <request index="7" response="000000000" foes="000011110" cont="0"/>
        <request index="8" response="000010001" foes="000010001" cont="1"/>
    </junction>
    <junction id="A2" type="priority" x="0.00" y="200.00" incLanes="A3A2_0 B2A2_0 A1A2_0" intLanes=":A2_0_0 :A2_9_0 :A2_10_0 :A2_3_0 :A2_4_0 :A2_5_0 :A2_6_0 :A2_7_0 :A2_11_0" shape="-3.20,207.20 3.20,207.20 3.64,204.98 4.20,204.20 4.98,203.64 5.98,203.31 7.20,203.20 7.20,196.80 4.98,196.36 4.20,195.80 3.64,195.02 3.31,194.02 3.20,192.80 -3.20,192.80">
        <request index="0" response="000000000" foes="100010000" cont="0"/>
        <request index="1" response="011000000" foes="011110000" cont="1"/>
        <request index="2" response="010001000" foes="010001000" cont="1"/>
        <request index="3" response="010000000" foes="010000100" cont="0"/>
        <request index="4" response="010000011" foes="110000011" cont="0"/>
        <request index="5" response="001000010" foes="001000010" cont="0"/>
        <request index="6" response="000000000" foes="000100010" cont="0"/>
        <request index="7" response="000000000" foes="000011110" cont="0"/>
        <request index="8" response="000010001" foes="000010001" cont="1"/>
    </junction>
    <junction id="A3" type="priority" x="0.00" y="300.00" incLanes="B3A3_0 A2A3_0" intLanes=":A3_0_0 :A3_1_0" shape="3.20,303.20 3.20,296.80 -3.20,296.80 -2.49,300.36 -1.60,301.60 -0.36,302.49 1.24,303.02">
        <request index="0" response="00" foes="00" cont="0"/>
        <request index="1" response="00" foes="00" cont="0"/>
    </junction>
    <junction id="B0" type="priority" x="100.00" y="0.00" incLanes="B1B0_0 C0B0_0 A0B0_0" intLanes=":B0_0_0 :B0_1_0 :B0_2_0 :B0_3_0 :B0_4_0 :B0_9_0 :B0_6_0 :B0_10_0 :B0_11_0" shape="96.80,7.20 103.20,7.20 103.64,4.98 104.20,4.20 104.98,3.64 105.98,3.31 107.20,3.20 107.20,-3.20 92.80,-3.20 92.80,3.20 95.02,3.64 95.80,4.20 96.36,4.98 96.69,5.98">
        <request index="0" response="000010000" foes="100010000" cont="0"/>
        <request index="1" response="011010000" foes="011110000" cont="0"/>
        <request index="2" response="010001000" foes="010001000" cont="0"/>
        <request index="3" response="000000000" foes="010000100" cont="0"/>
        <request index="4" response="000000000" foes="110000011" cont="0"/>
        <request index="5" response="001000010" foes="001000010" cont="1"/>
        <request index="6" response="000000000" foes="000100010" cont="0"/>
        <request index="7" response="000011000" foes="000011110" cont="1"/>
        <request index="8" response="000010001" foes="000010001" cont="1"/>
    </junction>
    <junction id="B1" type="priority" x="100.00" y="100.00" incLanes="B2B1_0 C1B1_0 B0B1_0 A1B1_0" intLanes=":B1_0_0 :B1_1_0 :B1_16_0 :B1_17_0 :B1_4_0 :B1_5_0 :B1_6_0 :B1_7_0 :B1_8_0 :B1_9_0 :B1_18_0 :B1_19_0 :B1_12_0 :B1_13_0 :B1_14_0 :B1_15_0" shape="96.80,107.20 103.20,107.20 103.64,104.98 104.20,104.20 104.98,103.64 105.98,103.31 107.20,103.20 107.20,96.80 104.98,96.36 104.20,95.80 103.64,95.02 103.31,94.02 103.20,92.80 96.80,92.80 96.36,95.02 95.80,95.80 95.02,96.36 94.02,96.69 92.80,96.80 92.80,103.20 95.02,103.64 95.80,104.20 96.36,104.98 96.69,105.98">
        <request index="0"  response="0000000000000000" foes="1000010000100000" cont="0"/>
        <request index="1"  response="0000000000000000" foes="0111110001100000" cont="0"/>
        <request index="2"  response="0000001100000000" foes="0110011111100000" cont="1"/>
        <request index="3"  response="0100001000010000" foes="0100001000010000" cont="1"/>
        <request index="4"  response="0000001000000000" foes="0100001000001000" cont="0"/>
        <request index="5"  response="0000011000000111" foes="1100011000000111" cont="0"/>
        <request index="6"  response="0011011000000110" foes="0111111000000110" cont="0"/>
        <request index="7"  response="0010000100000100" foes="0010000100000100" cont="0"/>
        <request index="8"  response="0000000000000000" foes="0010000010000100" cont="0"/>
        <request index="9"  response="0000000000000000" foes="0110000001111100" cont="0"/>
        <request index="10" response="0000000000000111" foes="1110000001100111" cont="1"/>
        <request index="11" response="0001000001000010" foes="0001000001000010" cont="1"/>
        <request index="12" response="0000000000000010" foes="0000100001000010" cont="0"/>
        <request index="13" response="0000011100000110" foes="0000011111000110" cont="0"/>
        <request index="14" response="0000011001110110" foes="0000011001111110" cont="0"/>
        <request index="15" response="0000010000100001" foes="0000010000100001" cont="0"/>
    </junction>
    <junction id="B2" type="priority" x="100.00" y="200.00" incLanes="B3B2_0 C2B2_0 B1B2_0 A2B2_0" intLanes=":B2_0_0 :B2_1_0 :B2_16_0 :B2_17_0 :B2_4_0 :B2_5_0 :B2_6_0 :B2_7_0 :B2_8_0 :B2_9_0 :B2_18_0 :B2_19_0 :B2_12_0 :B2_13_0 :B2_14_0 :B2_15_0" shape="96.80,207.20 103.20,207.20 103.64,204.98 104.20,204.20 104.98,203.64 105.98,203.31 107.20,203.20 107.20,196.80 104.98,196.36 104.20,195.80 103.64,195.02 103.31,194.02 103.20,192.80 96.80,192.80 96.36,195.02 95.80,195.80 95.02,196.36 94.02,196.69 92.80,196.80 92.80,203.20 95.02,203.64 95.80,204.20 96.36,204.98 96.69,205.98">
        <request index="0"  response="0000000000000000" foes="1000010000100000" cont="0"/>
        <request index="1"  response="0000000000000000" foes="0111110001100000" cont="0"/>
        <request index="2"  response="0000001100000000" foes="0110011111100000" cont="1"/>
        <request index="3"  response="0100001000010000" foes="0100001000010000" cont="1"/>
        <request index="4"  response="0000001000000000" foes="0100001000001000" cont="0"/>
        <request index="5"  response="0000011000000111" foes="1100011000000111" cont="0"/>
        <request index="6"  response="0011011000000110" foes="0111111000000110" cont="0"/>
        <request index="7"  response="0010000100000100" foes="0010000100000100" cont="0"/>
        <request index="8"  response="0000000000000000" foes="0010000010000100" cont="0"/>
        <request index="9"  response="0000000000000000" foes="0110000001111100" cont="0"/>
        <request index="10" response="0000000000000111" foes="1110000001100111" cont="1"/>
        <request index="11" response="0001000001000010" foes="0001000001000010" cont="1"/>
        <request index="12" response="0000000000000010" foes="0000100001000010" cont="0"/>
        <request index="13" response="0000011100000110" foes="0000011111000110" cont="0"/>
        <request index="14" response="0000011001110110" foes="0000011001111110" cont="0"/>
        <request index="15" response="0000010000100001" foes="0000010000100001" cont="0"/>
    </junction>
    <junction id="B3" type="priority" x="100.00" y="300.00" incLanes="C3B3_0 B2B3_0 A3B3_0" intLanes=":B3_0_0 :B3_9_0 :B3_10_0 :B3_3_0 :B3_4_0 :B3_5_0 :B3_6_0 :B3_7_0 :B3_11_0" shape="107.20,303.20 107.20,296.80 104.98,296.36 104.20,295.80 103.64,295.02 103.31,294.02 103.20,292.80 96.80,292.80 96.36,295.02 95.80,295.80 95.02,296.36 94.02,296.69 92.80,296.80 92.80,303.20">
        <request index="0" response="000000000" foes="100010000" cont="0"/>
        <request index="1" response="011000000" foes="011110000" cont="1"/>
        <request index="2" response="010001000" foes="010001000" cont="1"/>
        <request index="3" response="010000000" foes="010000100" cont="0"/>
        <request index="4" response="010000011" foes="110000011" cont="0"/>
        <request index="5" response="001000010" foes="001000010" cont="0"/>
        <request index="6" response="000000000" foes="000100010" cont="0"/>
        <request index="7" response="000000000" foes="000011110" cont="0"/>
        <request index="8" response="000010001" foes="000010001" cont="1"/>
    </junction>
    <junction id="C0" type="priority" x="200.00" y="0.00" incLanes="C1C0_0 D0C0_0 B0C0_0" intLanes=":C0_0_0 :C0_1_0 :C0_2_0 :C0_3_0 :C0_4_0 :C0_9_0 :C0_6_0 :C0_10_0 :C0_11_0" shape="196.80,7.20 203.20,7.20 203.64,4.98 204.20,4.20 204.98,3.64 205.98,3.31 207.20,3.20 207.20,-3.20 192.80,-3.20 192.80,3.20 195.02,3.64 195.80,4.20 196.36,4.98 196.69,5.98">
        <request index="0" response="000010000" foes="100010000" cont="0"/>
        <request index="1" response="011010000" foes="011110000" cont="0"/>
        <request index="2" response="010001000" foes="010001000" cont="0"/>
        <request index="3" response="000000000" foes="010000100" cont="0"/>
        <request index="4" response="000000000" foes="110000011" cont="0"/>
        <request index="5" response="001000010" foes="001000010" cont="1"/>
        <request index="6" response="000000000" foes="000100010" cont="0"/>
        <request index="7" response="000011000" foes="000011110" cont="1"/>
        <request index="8" response="000010001" foes="000010001" cont="1"/>
    </junction>
    <junction id="C1" type="priority" x="200.00" y="100.00" incLanes="C2C1_0 D1C1_0 C0C1_0 B1C1_0" intLanes=":C1_0_0 :C1_1_0 :C1_16_0 :C1_17_0 :C1_4_0 :C1_5_0 :C1_6_0 :C1_7_0 :C1_8_0 :C1_9_0 :C1_18_0 :C1_19_0 :C1_12_0 :C1_13_0 :C1_14_0 :C1_15_0" shape="196.80,107.20 203.20,107.20 203.64,104.98 204.20,104.20 204.98,103.64 205.98,103.31 207.20,103.20 207.20,96.80 204.98,96.36 204.20,95.80 203.64,95.02 203.31,94.02 203.20,92.80 196.80,92.80 196.36,95.02 195.80,95.80 195.02,96.36 194.02,96.69 192.80,96.80 192.80,103.20 195.02,103.64 195.80,104.20 196.36,104.98 196.69,105.98">
        <request index="0"  response="0000000000000000" foes="1000010000100000" cont="0"/>
        <request index="1"  response="0000000000000000" foes="0111110001100000" cont="0"/>
        <request index="2"  response="0000001100000000" foes="0110011111100000" cont="1"/>
        <request index="3"  response="0100001000010000" foes="0100001000010000" cont="1"/>
        <request index="4"  response="0000001000000000" foes="0100001000001000" cont="0"/>
        <request index="5"  response="0000011000000111" foes="1100011000000111" cont="0"/>
        <request index="6"  response="0011011000000110" foes="0111111000000110" cont="0"/>
        <request index="7"  response="0010000100000100" foes="0010000100000100" cont="0"/>
        <request index="8"  response="0000000000000000" foes="0010000010000100" cont="0"/>
        <request index="9"  response="0000000000000000" foes="0110000001111100" cont="0"/>
        <request index="10" response="0000000000000111" foes="1110000001100111" cont="1"/>
        <request index="11" response="0001000001000010" foes="0001000001000010" cont="1"/>
        <request index="12" response="0000000000000010" foes="0000100001000010" cont="0"/>
        <request index="13" response="0000011100000110" foes="0000011111000110" cont="0"/>
        <request index="14" response="0000011001110110" foes="0000011001111110" cont="0"/>
        <request index="15" response="0000010000100001" foes="0000010000100001" cont="0"/>
    </junction>
    <junction id="C2" type="priority" x="200.00" y="200.00" incLanes="C3C2_0 D2C2_0 C1C2_0 B2C2_0" intLanes=":C2_0_0 :C2_1_0 :C2_16_0 :C2_17_0 :C2_4_0 :C2_5_0 :C2_6_0 :C2_7_0 :C2_8_0 :C2_9_0 :C2_18_0 :C2_19_0 :C2_12_0 :C2_13_0 :C2_14_0 :C2_15_0" shape="196.80,207.20 203.20,207.20 203.64,204.98 204.20,204.20 204.98,203.64 205.98,203.31 207.20,203.20 207.20,196.80 204.98,196.36 204.20,195.80 203.64,195.02 203.31,194.02 203.20,192.80 196.80,192.80 196.36,195.02 195.80,195.80 195.02,196.36 194.02,196.69 192.80,196.80 192.80,203.20 195.02,203.64 195.80,204.20 196.36,204.98 196.69,205.98">
        <request index="0"  response="0000000000000000" foes="1000010000100000" cont="0"/>
        <request index="1"  response="0000000000000000" foes="0111110001100000" cont="0"/>
        <request index="2"  response="0000001100000000" foes="0110011111100000" cont="1"/>
        <request index="3"  response="0100001000010000" foes="0100001000010000" cont="1"/>
        <request index="4"  response="0000001000000000" foes="0100001000001000" cont="0"/>
        <request index="5"  response="0000011000000111" foes="1100011000000111" cont="0"/>
        <request index="6"  response="0011011000000110" foes="0111111000000110" cont="0"/>
        <request index="7"  response="0010000100000100" foes="0010000100000100" cont="0"/>
        <request index="8"  response="0000000000000000" foes="0010000010000100" cont="0"/>
        <request index="9"  response="0000000000000000" foes="0110000001111100" cont="0"/>
        <request index="10" response="0000000000000111" foes="1110000001100111" cont="1"/>
        <request index="11" response="0001000001000010" foes="0001000001000010" cont="1"/>
        <request index="12" response="0000000000000010" foes="0000100001000010" cont="0"/>
        <request index="13" response="0000011100000110" foes="0000011111000110" cont="0"/>
        <request index="14" response="0000011001110110" foes="0000011001111110" cont="0"/>
        <request index="15" response="0000010000100001" foes="0000010000100001" cont="0"/>
    </junction>
    <junction id="C3" type="priority" x="200.00" y="300.00" incLanes="D3C3_0 C2C3_0 B3C3_0" intLanes=":C3_0_0 :C3_9_0 :C3_10_0 :C3_3_0 :C3_4_0 :C3_5_0 :C3_6_0 :C3_7_0 :C3_11_0" shape="207.20,303.20 207.20,296.80 204.98,296.36 204.20,295.80 203.64,295.02 203.31,294.02 203.20,292.80 196.80,292.80 196.36,295.02 195.80,295.80 195.02,296.36 194.02,296.69 192.80,296.80 192.80,303.20">
        <request index="0" response="000000000" foes="100010000" cont="0"/>
        <request index="1" response="011000000" foes="011110000" cont="1"/>
        <request index="2" response="010001000" foes="010001000" cont="1"/>
        <request index="3" response="010000000" foes="010000100" cont="0"/>
        <request index="4" response="010000011" foes="110000011" cont="0"/>
        <request index="5" response="001000010" foes="001000010" cont="0"/>
        <request index="6" response="000000000" foes="000100010" cont="0"/>
        <request index="7" response="000000000" foes="000011110" cont="0"/>
        <request index="8" response="000010001" foes="000010001" cont="1"/>
    </junction>
    <junction id="D0" type="priority" x="300.00" y="0.00" incLanes="D1D0_0 C0D0_0" intLanes=":D0_0_0 :D0_1_0" shape="296.80,3.20 303.20,3.20 302.49,-0.36 301.60,-1.60 300.36,-2.49 298.76,-3.02 296.80,-3.20">
        <request index="0" response="00" foes="00" cont="0"/>
        <request index="1" response="00" foes="00" cont="0"/>
    </junction>
    <junction id="D1" type="priority" x="300.00" y="100.00" incLanes="D2D1_0 D0D1_0 C1D1_0" intLanes=":D1_0_0 :D1_1_0 :D1_9_0 :D1_3_0 :D1_10_0 :D1_11_0 :D1_6_0 :D1_7_0 :D1_8_0" shape="296.80,107.20 303.20,107.20 303.20,92.80 296.80,92.80 296.36,95.02 295.80,95.80 295.02,96.36 294.02,96.69 292.80,96.80 292.80,103.20 295.02,103.64 295.80,104.20 296.36,104.98 296.69,105.98">
        <request index="0" response="000000000" foes="100010000" cont="0"/>
        <request index="1" response="000000000" foes="011110000" cont="0"/>
        <request index="2" response="010001000" foes="010001000" cont="1"/>
        <request index="3" response="000000000" foes="010000100" cont="0"/>
        <request index="4" response="000000011" foes="110000011" cont="1"/>
        <request index="5" response="001000010" foes="001000010" cont="1"/>
        <request index="6" response="000000010" foes="000100010" cont="0"/>
        <request index="7" response="000011010" foes="000011110" cont="0"/>
        <request index="8" response="000010001" foes="000010001" cont="0"/>
    </junction>
    <junction id="D2" type="priority" x="300.00" y="200.00" incLanes="D3D2_0 D1D2_0 C2D2_0" intLanes=":D2_0_0 :D2_1_0 :D2_9_0 :D2_3_0 :D2_10_0 :D2_11_0 :D2_6_0 :D2_7_0 :D2_8_0" shape="296.80,207.20 303.20,207.20 303.20,192.80 296.80,192.80 296.36,195.02 295.80,195.80 295.02,196.36 294.02,196.69 292.80,196.80 292.80,203.20 295.02,203.64 295.80,204.20 296.36,204.98 296.69,205.98">
        <request index="0" response="000000000" foes="100010000" cont="0"/>
        <request index="1" response="000000000" foes="011110000" cont="0"/>
        <request index="2" response="010001000" foes="010001000" cont="1"/>
        <request index="3" response="000000000" foes="010000100" cont="0"/>
        <request index="4" response="000000011" foes="110000011" cont="1"/>
        <request index="5" response="001000010" foes="001000010" cont="1"/>
        <request index="6" response="000000010" foes="000100010" cont="0"/>
        <request index="7" response="000011010" foes="000011110" cont="0"/>
        <request index="8" response="000010001" foes="000010001" cont="0"/>
    </junction>
    <junction id="D3" type="priority" x="300.00" y="300.00" incLanes="D2D3_0 C3D3_0" intLanes=":D3_0_0 :D3_1_0" shape="303.20,296.80 296.80,296.80 296.80,303.20 300.36,302.49 301.60,301.60 302.49,300.36 303.02,298.76">
        <request index="0" response="00" foes="00" cont="0"/>
        <request index="1" response="00" foes="00" cont="0"/>
    </junction>

    <junction id=":A1_9_0" type="internal" x="-0.96" y="103.20" incLanes=":A1_1_0 A0A1_0" intLanes=":A1_4_0 :A1_5_0 :A1_6_0 :A1_7_0"/>
    <junction id=":A1_10_0" type="internal" x="-0.80" y="106.00" incLanes=":A1_2_0 A0A1_0 B1A1_0" intLanes=":A1_3_0 :A1_7_0"/>
    <junction id=":A1_11_0" type="internal" x="0.80" y="94.00" incLanes=":A1_8_0 A2A1_0 B1A1_0" intLanes=":A1_0_0 :A1_4_0"/>
    <junction id=":A2_9_0" type="internal" x="-0.96" y="203.20" incLanes=":A2_1_0 A1A2_0" intLanes=":A2_4_0 :A2_5_0 :A2_6_0 :A2_7_0"/>
    <junction id=":A2_10_0" type="internal" x="-0.80" y="206.00" incLanes=":A2_2_0 A1A2_0 B2A2_0" intLanes=":A2_3_0 :A2_7_0"/>
    <junction id=":A2_11_0" type="internal" x="0.80" y="194.00" incLanes=":A2_8_0 A3A2_0 B2A2_0" intLanes=":A2_0_0 :A2_4_0"/>
    <junction id=":B0_9_0" type="internal" x="106.00" y="0.80" incLanes=":B0_5_0 A0B0_0 B1B0_0" intLanes=":B0_1_0 :B0_6_0"/>
    <junction id=":B0_10_0" type="internal" x="96.80" y="-0.96" incLanes=":B0_7_0 C0B0_0" intLanes=":B0_1_0 :B0_2_0 :B0_3_0 :B0_4_0"/>
    <junction id=":B0_11_0" type="internal" x="94.00" y="-0.80" incLanes=":B0_8_0 B1B0_0 C0B0_0" intLanes=":B0_0_0 :B0_4_0"/>
    <junction id=":B1_16_0" type="internal" x="99.04" y="103.20" incLanes=":B1_2_0 B0B1_0" intLanes=":B1_5_0 :B1_6_0 :B1_7_0 :B1_8_0 :B1_9_0 :B1_13_0 :B1_14_0"/>
    <junction id=":B1_17_0" type="internal" x="99.20" y="106.00" incLanes=":B1_3_0 A1B1_0 B0B1_0 C1B1_0" intLanes=":B1_4_0 :B1_9_0 :B1_14_0"/>
    <junction id=":B1_18_0" type="internal" x="100.96" y="96.80" incLanes=":B1_10_0 B2B1_0" intLanes=":B1_0_0 :B1_1_0 :B1_5_0 :B1_6_0 :B1_13_0 :B1_14_0 :B1_15_0"/>
    <junction id=":B1_19_0" type="internal" x="100.80" y="94.00" incLanes=":B1_11_0 A1B1_0 B2B1_0 C1B1_0" intLanes=":B1_1_0 :B1_6_0 :B1_12_0"/>
    <junction id=":B2_16_0" type="internal" x="99.04" y="203.20" incLanes=":B2_2_0 B1B2_0" intLanes=":B2_5_0 :B2_6_0 :B2_7_0 :B2_8_0 :B2_9_0 :B2_13_0 :B2_14_0"/>
    <junction id=":B2_17_0" type="internal" x="99.20" y="206.00" incLanes=":B2_3_0 A2B2_0 B1B2_0 C2B2_0" intLanes=":B2_4_0 :B2_9_0 :B2_14_0"/>
    <junction id=":B2_18_0" type="internal" x="100.96" y="196.80" incLanes=":B2_10_0 B3B2_0" intLanes=":B2_0_0 :B2_1_0 :B2_5_0 :B2_6_0 :B2_13_0 :B2_14_0 :B2_15_0"/>
    <junction id=":B2_19_0" type="internal" x="100.80" y="194.00" incLanes=":B2_11_0 A2B2_0 B3B2_0 C2B2_0" intLanes=":B2_1_0 :B2_6_0 :B2_12_0"/>
    <junction id=":B3_9_0" type="internal" x="103.20" y="300.96" incLanes=":B3_1_0 A3B3_0" intLanes=":B3_4_0 :B3_5_0 :B3_6_0 :B3_7_0"/>
    <junction id=":B3_10_0" type="internal" x="106.00" y="300.80" incLanes=":B3_2_0 A3B3_0 B2B3_0" intLanes=":B3_3_0 :B3_7_0"/>
    <junction id=":B3_11_0" type="internal" x="94.00" y="299.20" incLanes=":B3_8_0 B2B3_0 C3B3_0" intLanes=":B3_0_0 :B3_4_0"/>
    <junction id=":C0_9_0" type="internal" x="206.00" y="0.80" incLanes=":C0_5_0 B0C0_0 C1C0_0" intLanes=":C0_1_0 :C0_6_0"/>
    <junction id=":C0_10_0" type="internal" x="196.80" y="-0.96" incLanes=":C0_7_0 D0C0_0" intLanes=":C0_1_0 :C0_2_0 :C0_3_0 :C0_4_0"/>
    <junction id=":C0_11_0" type="internal" x="194.00" y="-0.80" incLanes=":C0_8_0 C1C0_0 D0C0_0" intLanes=":C0_0_0 :C0_4_0"/>
    <junction id=":C1_16_0" type="internal" x="199.04" y="103.20" incLanes=":C1_2_0 C0C1_0" intLanes=":C1_5_0 :C1_6_0 :C1_7_0 :C1_8_0 :C1_9_0 :C1_13_0 :C1_14_0"/>
    <junction id=":C1_17_0" type="internal" x="199.20" y="106.00" incLanes=":C1_3_0 B1C1_0 C0C1_0 D1C1_0" intLanes=":C1_4_0 :C1_9_0 :C1_14_0"/>
    <junction id=":C1_18_0" type="internal" x="200.96" y="96.80" incLanes=":C1_10_0 C2C1_0" intLanes=":C1_0_0 :C1_1_0 :C1_5_0 :C1_6_0 :C1_13_0 :C1_14_0 :C1_15_0"/>
    <junction id=":C1_19_0" type="internal" x="200.80" y="94.00" incLanes=":C1_11_0 B1C1_0 C2C1_0 D1C1_0" intLanes=":C1_1_0 :C1_6_0 :C1_12_0"/>
    <junction id=":C2_16_0" type="internal" x="199.04" y="203.20" incLanes=":C2_2_0 C1C2_0" intLanes=":C2_5_0 :C2_6_0 :C2_7_0 :C2_8_0 :C2_9_0 :C2_13_0 :C2_14_0"/>
    <junction id=":C2_17_0" type="internal" x="199.20" y="206.00" incLanes=":C2_3_0 B2C2_0 C1C2_0 D2C2_0" intLanes=":C2_4_0 :C2_9_0 :C2_14_0"/>
    <junction id=":C2_18_0" type="internal" x="200.96" y="196.80" incLanes=":C2_10_0 C3C2_0" intLanes=":C2_0_0 :C2_1_0 :C2_5_0 :C2_6_0 :C2_13_0 :C2_14_0 :C2_15_0"/>
    <junction id=":C2_19_0" type="internal" x="200.80" y="194.00" incLanes=":C2_11_0 B2C2_0 C3C2_0 D2C2_0" intLanes=":C2_1_0 :C2_6_0 :C2_12_0"/>
    <junction id=":C3_9_0" type="internal" x="203.20" y="300.96" incLanes=":C3_1_0 B3C3_0" intLanes=":C3_4_0 :C3_5_0 :C3_6_0 :C3_7_0"/>
    <junction id=":C3_10_0" type="internal" x="206.00" y="300.80" incLanes=":C3_2_0 B3C3_0 C2C3_0" intLanes=":C3_3_0 :C3_7_0"/>
    <junction id=":C3_11_0" type="internal" x="194.00" y="299.20" incLanes=":C3_8_0 C2C3_0 D3C3_0" intLanes=":C3_0_0 :C3_4_0"/>
    <junction id=":D1_9_0" type="internal" x="299.20" y="106.00" incLanes=":D1_2_0 C1D1_0 D0D1_0" intLanes=":D1_3_0 :D1_7_0"/>
    <junction id=":D1_10_0" type="internal" x="300.96" y="96.80" incLanes=":D1_4_0 D2D1_0" intLanes=":D1_0_0 :D1_1_0 :D1_7_0 :D1_8_0"/>
    <junction id=":D1_11_0" type="internal" x="300.80" y="94.00" incLanes=":D1_5_0 C1D1_0 D2D1_0" intLanes=":D1_1_0 :D1_6_0"/>
    <junction id=":D2_9_0" type="internal" x="299.20" y="206.00" incLanes=":D2_2_0 C2D2_0 D1D2_0" intLanes=":D2_3_0 :D2_7_0"/>
    <junction id=":D2_10_0" type="internal" x="300.96" y="196.80" incLanes=":D2_4_0 D3D2_0" intLanes=":D2_0_0 :D2_1_0 :D2_7_0 :D2_8_0"/>
    <junction id=":D2_11_0" type="internal" x="300.80" y="194.00" incLanes=":D2_5_0 C2D2_0 D3D2_0" intLanes=":D2_1_0 :D2_6_0"/>

    <connection from="A0A1" to="A1B1" fromLane="0" toLane="0" via=":A1_6_0" dir="r" state="M"/>
    <connection from="A0A1" to="A1A2" fromLane="0" toLane="0" via=":A1_7_0" dir="s" state="M"/>
    <connection from="A0A1" to="A1A0" fromLane="0" toLane="0" via=":A1_8_0" dir="t" state="m"/>
    <connection from="A0B0" to="B0C0" fromLane="0" toLane="0" via=":B0_6_0" dir="s" state="M"/>
    <connection from="A0B0" to="B0B1" fromLane="0" toLane="0" via=":B0_7_0" dir="l" state="m"/>
    <connection from="A0B0" to="B0A0" fromLane="0" toLane="0" via=":B0_8_0" dir="t" state="m"/>
    <connection from="A1A0" to="A0B0" fromLane="0" toLane="0" via=":A0_0_0" dir="l" state="M"/>
    <connection from="A1A2" to="A2B2" fromLane="0" toLane="0" via=":A2_6_0" dir="r" state="M"/>
    <connection from="A1A2" to="A2A3" fromLane="0" toLane="0" via=":A2_7_0" dir="s" state="M"/>
    <connection from="A1A2" to="A2A1" fromLane="0" toLane="0" via=":A2_8_0" dir="t" state="m"/>
    <connection from="A1B1" to="B1B0" fromLane="0" toLane="0" via=":B1_12_0" dir="r" state="m"/>
    <connection from="A1B1" to="B1C1" fromLane="0" toLane="0" via=":B1_13_0" dir="s" state="m"/>
    <connection from="A1B1" to="B1B2" fromLane="0" toLane="0" via=":B1_14_0" dir="l" state="m"/>
    <connection from="A1B1" to="B1A1" fromLane="0" toLane="0" via=":B1_15_0" dir="t" state="m"/>
    <connection from="A2A1" to="A1A0" fromLane="0" toLane="0" via=":A1_0_0" dir="s" state="M"/>
    <connection from="A2A1" to="A1B1" fromLane="0" toLane="0" via=":A1_1_0" dir="l" state="m"/>
    <connection from="A2A1" to="A1A2" fromLane="0" toLane="0" via=":A1_2_0" dir="t" state="m"/>
    <connection from="A2A3" to="A3B3" fromLane="0" toLane="0" via=":A3_1_0" dir="r" state="M"/>
    <connection from="A2B2" to="B2B1" fromLane="0" toLane="0" via=":B2_12_0" dir="r" state="m"/>
    <connection from="A2B2" to="B2C2" fromLane="0" toLane="0" via=":B2_13_0" dir="s" state="m"/>
    <connection from="A2B2" to="B2B3" fromLane="0" toLane="0" via=":B2_14_0" dir="l" state="m"/>
    <connection from="A2B2" to="B2A2" fromLane="0" toLane="0" via=":B2_15_0" dir="t" state="m"/>
    <connection from="A3A2" to="A2A1" fromLane="0" toLane="0" via=":A2_0_0" dir="s" state="M"/>
    <connection from="A3A2" to="A2B2" fromLane="0" toLane="0" via=":A2_1_0" dir="l" state="m"/>
    <connection from="A3A2" to="A2A3" fromLane="0" toLane="0" via=":A2_2_0" dir="t" state="m"/>
    <connection from="A3B3" to="B3B2" fromLane="0" toLane="0" via=":B3_6_0" dir="r" state="M"/>
    <connection from="A3B3" to="B3C3" fromLane="0" toLane="0" via=":B3_7_0" dir="s" state="M"/>
    <connection from="A3B3" to="B3A3" fromLane="0" toLane="0" via=":B3_8_0" dir="t" state="m"/>
    <connection from="B0A0" to="A0A1" fromLane="0" toLane="0" via=":A0_1_0" dir="r" state="M"/>
    <connection from="B0B1" to="B1C1" fromLane="0" toLane="0" via=":B1_8_0" dir="r" state="M"/>
    <connection from="B0B1" to="B1B2" fromLane="0" toLane="0" via=":B1_9_0" dir="s" state="M"/>
    <connection from="B0B1" to="B1A1" fromLane="0" toLane="0" via=":B1_10_0" dir="l" state="m"/>
    <connection from="B0B1" to="B1B0" fromLane="0" toLane="0" via=":B1_11_0" dir="t" state="m"/>
    <connection from="B0C0" to="C0D0" fromLane="0" toLane="0" via=":C0_6_0" dir="s" state="M"/>
    <connection from="B0C0" to="C0C1" fromLane="0" toLane="0" via=":C0_7_0" dir="l" state="m"/>
    <connection from="B0C0" to="C0B0" fromLane="0" toLane="0" via=":C0_8_0" dir="t" state="m"/>
    <connection from="B1A1" to="A1A2" fromLane="0" toLane="0" via=":A1_3_0" dir="r" state="m"/>
    <connection from="B1A1" to="A1A0" fromLane="0" toLane="0" via=":A1_4_0" dir="l" state="m"/>
    <connection from="B1A1" to="A1B1" fromLane="0" toLane="0" via=":A1_5_0" dir="t" state="m"/>
    <connection from="B1B0" to="B0A0" fromLane="0" toLane="0" via=":B0_0_0" dir="r" state="m"/>
    <connection from="B1B0" to="B0C0" fromLane="0" toLane="0" via=":B0_1_0" dir="l" state="m"/>
    <connection from="B1B0" to="B0B1" fromLane="0" toLane="0" via=":B0_2_0" dir="t" state="m"/>
    <connection from="B1B2" to="B2C2" fromLane="0" toLane="0" via=":B2_8_0" dir="r" state="M"/>
    <connection from="B1B2" to="B2B3" fromLane="0" toLane="0" via=":B2_9_0" dir="s" state="M"/>
    <connection from="B1B2" to="B2A2" fromLane="0" toLane="0" via=":B2_10_0" dir="l" state="m"/>
    <connection from="B1B2" to="B2B1" fromLane="0" toLane="0" via=":B2_11_0" dir="t" state="m"/>
    <connection from="B1C1" to="C1C0" fromLane="0" toLane="0" via=":C1_12_0" dir="r" state="m"/>
    <connection from="B1C1" to="C1D1" fromLane="0" toLane="0" via=":C1_13_0" dir="s" state="m"/>
    <connection from="B1C1" to="C1C2" fromLane="0" toLane="0" via=":C1_14_0" dir="l" state="m"/>
    <connection from="B1C1" to="C1B1" fromLane="0" toLane="0" via=":C1_15_0" dir="t" state="m"/>
    <connection from="B2A2" to="A2A3" fromLane="0" toLane="0" via=":A2_3_0" dir="r" state="m"/>
    <connection from="B2A2" to="A2A1" fromLane="0" toLane="0" via=":A2_4_0" dir="l" state="m"/>
    <connection from="B2A2" to="A2B2" fromLane="0" toLane="0" via=":A2_5_0" dir="t" state="m"/>
    <connection from="B2B1" to="B1A1" fromLane="0" toLane="0" via=":B1_0_0" dir="r" state="M"/>
    <connection from="B2B1" to="B1B0" fromLane="0" toLane="0" via=":B1_1_0" dir="s" state="M"/>
    <connection from="B2B1" to="B1C1" fromLane="0" toLane="0" via=":B1_2_0" dir="l" state="m"/>
    <connection from="B2B1" to="B1B2" fromLane="0" toLane="0" via=":B1_3_0" dir="t" state="m"/>
    <connection from="B2B3" to="B3C3" fromLane="0" toLane="0" via=":B3_3_0" dir="r" state="m"/>
    <connection from="B2B3" to="B3A3" fromLane="0" toLane="0" via=":B3_4_0" dir="l" state="m"/>
    <connection from="B2B3" to="B3B2" fromLane="0" toLane="0" via=":B3_5_0" dir="t" state="m"/>
    <connection from="B2C2" to="C2C1" fromLane="0" toLane="0" via=":C2_12_0" dir="r" state="m"/>
    <connection from="B2C2" to="C2D2" fromLane="0" toLane="0" via=":C2_13_0" dir="s" state="m"/>
    <connection from="B2C2" to="C2C3" fromLane="0" toLane="0" via=":C2_14_0" dir="l" state="m"/>
    <connection from="B2C2" to="C2B2" fromLane="0" toLane="0" via=":C2_15_0" dir="t" state="m"/>
    <connection from="B3A3" to="A3A2" fromLane="0" toLane="0" via=":A3_0_0" dir="l" state="M"/>
    <connection from="B3B2" to="B2A2" fromLane="0" toLane="0" via=":B2_0_0" dir="r" state="M"/>
    <connection from="B3B2" to="B2B1" fromLane="0" toLane="0" via=":B2_1_0" dir="s" state="M"/>
    <connection from="B3B2" to="B2C2" fromLane="0" toLane="0" via=":B2_2_0" dir="l" state="m"/>
    <connection from="B3B2" to="B2B3" fromLane="0" toLane="0" via=":B2_3_0" dir="t" state="m"/>
    <connection from="B3C3" to="C3C2" fromLane="0" toLane="0" via=":C3_6_0" dir="r" state="M"/>
    <connection from="B3C3" to="C3D3" fromLane="0" toLane="0" via=":C3_7_0" dir="s" state="M"/>
    <connection from="B3C3" to="C3B3" fromLane="0" toLane="0" via=":C3_8_0" dir="t" state="m"/>
    <connection from="C0B0" to="B0B1" fromLane="0" toLane="0" via=":B0_3_0" dir="r" state="M"/>
    <connection from="C0B0" to="B0A0" fromLane="0" toLane="0" via=":B0_4_0" dir="s" state="M"/>
    <connection from="C0B0" to="B0C0" fromLane="0" toLane="0" via=":B0_5_0" dir="t" state="m"/>
    <connection from="C0C1" to="C1D1" fromLane="0" toLane="0" via=":C1_8_0" dir="r" state="M"/>
    <connection from="C0C1" to="C1C2" fromLane="0" toLane="0" via=":C1_9_0" dir="s" state="M"/>
    <connection from="C0C1" to="C1B1" fromLane="0" toLane="0" via=":C1_10_0" dir="l" state="m"/>
    <connection from="C0C1" to="C1C0" fromLane="0" toLane="0" via=":C1_11_0" dir="t" state="m"/>
    <connection from="C0D0" to="D0D1" fromLane="0" toLane="0" via=":D0_1_0" dir="l" state="M"/>
    <connection from="C1B1" to="B1B2" fromLane="0" toLane="0" via=":B1_4_0" dir="r" state="m"/>
    <connection from="C1B1" to="B1A1" fromLane="0" toLane="0" via=":B1_5_0" dir="s" state="m"/>
    <connection from="C1B1" to="B1B0" fromLane="0" toLane="0" via=":B1_6_0" dir="l" state="m"/>
    <connection from="C1B1" to="B1C1" fromLane="0" toLane="0" via=":B1_7_0" dir="t" state="m"/>
    <connection from="C1C0" to="C0B0" fromLane="0" toLane="0" via=":C0_0_0" dir="r" state="m"/>
    <connection from="C1C0" to="C0D0" fromLane="0" toLane="0" via=":C0_1_0" dir="l" state="m"/>
    <connection from="C1C0" to="C0C1" fromLane="0" toLane="0" via=":C0_2_0" dir="t" state="m"/>
    <connection from="C1C2" to="C2D2" fromLane="0" toLane="0" via=":C2_8_0" dir="r" state="M"/>
    <connection from="C1C2" to="C2C3" fromLane="0" toLane="0" via=":C2_9_0" dir="s" state="M"/>
    <connection from="C1C2" to="C2B2" fromLane="0" toLane="0" via=":C2_10_0" dir="l" state="m"/>
    <connection from="C1C2" to="C2C1" fromLane="0" toLane="0" via=":C2_11_0" dir="t" state="m"/>
    <connection from="C1D1" to="D1D0" fromLane="0" toLane="0" via=":D1_6_0" dir="r" state="m"/>
    <connection from="C1D1" to="D1D2" fromLane="0" toLane="0" via=":D1_7_0" dir="l" state="m"/>
    <connection from="C1D1" to="D1C1" fromLane="0" toLane="0" via=":D1_8_0" dir="t" state="m"/>
    <connection from="C2B2" to="B2B3" fromLane="0" toLane="0" via=":B2_4_0" dir="r" state="m"/>
    <connection from="C2B2" to="B2A2" fromLane="0" toLane="0" via=":B2_5_0" dir="s" state="m"/>
    <connection from="C2B2" to="B2B1" fromLane="0" toLane="0" via=":B2_6_0" dir="l" state="m"/>
    <connection from="C2B2" to="B2C2" fromLane="0" toLane="0" via=":B2_7_0" dir="t" state="m"/>
    <connection from="C2C1" to="C1B1" fromLane="0" toLane="0" via=":C1_0_0" dir="r" state="M"/>
    <connection from="C2C1" to="C1C0" fromLane="0" toLane="0" via=":C1_1_0" dir="s" state="M"/>
    <connection from="C2C1" to="C1D1" fromLane="0" toLane="0" via=":C1_2_0" dir="l" state="m"/>
    <connection from="C2C1" to="C1C2" fromLane="0" toLane="0" via=":C1_3_0" dir="t" state="m"/>
    <connection from="C2C3" to="C3D3" fromLane="0" toLane="0" via=":C3_3_0" dir="r" state="m"/>
    <connection from="C2C3" to="C3B3" fromLane="0" toLane="0" via=":C3_4_0" dir="l" state="m"/>
    <connection from="C2C3" to="C3C2" fromLane="0" toLane="0" via=":C3_5_0" dir="t" state="m"/>
    <connection from="C2D2" to="D2D1" fromLane="0" toLane="0" via=":D2_6_0" dir="r" state="m"/>
    <connection from="C2D2" to="D2D3" fromLane="0" toLane="0" via=":D2_7_0" dir="l" state="m"/>
    <connection from="C2D2" to="D2C2" fromLane="0" toLane="0" via=":D2_8_0" dir="t" state="m"/>
    <connection from="C3B3" to="B3A3" fromLane="0" toLane="0" via=":B3_0_0" dir="s" state="M"/>
    <connection from="C3B3" to="B3B2" fromLane="0" toLane="0" via=":B3_1_0" dir="l" state="m"/>
    <connection from="C3B3" to="B3C3" fromLane="0" toLane="0" via=":B3_2_0" dir="t" state="m"/>
    <connection from="C3C2" to="C2B2" fromLane="0" toLane="0" via=":C2_0_0" dir="r" state="M"/>
    <connection from="C3C2" to="C2C1" fromLane="0" toLane="0" via=":C2_1_0" dir="s" state="M"/>
    <connection from="C3C2" to="C2D2" fromLane="0" toLane="0" via=":C2_2_0" dir="l" state="m"/>
    <connection from="C3C2" to="C2C3" fromLane="0" toLane="0" via=":C2_3_0" dir="t" state="m"/>
    <connection from="C3D3" to="D3D2" fromLane="0" toLane="0" via=":D3_1_0" dir="r" state="M"/>
    <connection from="D0C0" to="C0C1" fromLane="0" toLane="0" via=":C0_3_0" dir="r" state="M"/>
    <connection from="D0C0" to="C0B0" fromLane="0" toLane="0" via=":C0_4_0" dir="s" state="M"/>
    <connection from="D0C0" to="C0D0" fromLane="0" toLane="0" via=":C0_5_0" dir="t" state="m"/>
    <connection from="D0D1" to="D1D2" fromLane="0" toLane="0" via=":D1_3_0" dir="s" state="M"/>
    <connection from="D0D1" to="D1C1" fromLane="0" toLane="0" via=":D1_4_0" dir="l" state="m"/>
    <connection from="D0D1" to="D1D0" fromLane="0" toLane="0" via=":D1_5_0" dir="t" state="m"/>
    <connection from="D1C1" to="C1C2" fromLane="0" toLane="0" via=":C1_4_0" dir="r" state="m"/>
    <connection from="D1C1" to="C1B1" fromLane="0" toLane="0" via=":C1_5_0" dir="s" state="m"/>
    <connection from="D1C1" to="C1C0" fromLane="0" toLane="0" via=":C1_6_0" dir="l" state="m"/>
    <connection from="D1C1" to="C1D1" fromLane="0" toLane="0" via=":C1_7_0" dir="t" state="m"/>
    <connection from="D1D0" to="D0C0" fromLane="0" toLane="0" via=":D0_0_0" dir="r" state="M"/>
    <connection from="D1D2" to="D2D3" fromLane="0" toLane="0" via=":D2_3_0" dir="s" state="M"/>
    <connection from="D1D2" to="D2C2" fromLane="0" toLane="0" via=":D2_4_0" dir="l" state="m"/>
    <connection from="D1D2" to="D2D1" fromLane="0" toLane="0" via=":D2_5_0" dir="t" state="m"/>
    <connection from="D2C2" to="C2C3" fromLane="0" toLane="0" via=":C2_4_0" dir="r" state="m"/>
    <connection from="D2C2" to="C2B2" fromLane="0" toLane="0" via=":C2_5_0" dir="s" state="m"/>
    <connection from="D2C2" to="C2C1" fromLane="0" toLane="0" via=":C2_6_0" dir="l" state="m"/>
    <connection from="D2C2" to="C2D2" fromLane="0" toLane="0" via=":C2_7_0" dir="t" state="m"/>
    <connection from="D2D1" to="D1C1" fromLane="0" toLane="0" via=":D1_0_0" dir="r" state="M"/>
    <connection from="D2D1" to="D1D0" fromLane="0" toLane="0" via=":D1_1_0" dir="s" state="M"/>
    <connection from="D2D1" to="D1D2" fromLane="0" toLane="0" via=":D1_2_0" dir="t" state="m"/>
    <connection from="D2D3" to="D3C3" fromLane="0" toLane="0" via=":D3_0_0" dir="l" state="M"/>
    <connection from="D3C3" to="C3B3" fromLane="0" toLane="0" via=":C3_0_0" dir="s" state="M"/>
    <connection from="D3C3" to="C3C2" fromLane="0" toLane="0" via=":C3_1_0" dir="l" state="m"/>
    <connection from="D3C3" to="C3D3" fromLane="0" toLane="0" via=":C3_2_0" dir="t" state="m"/>
    <connection from="D3D2" to="D2C2" fromLane="0" toLane="0" via=":D2_0_0" dir="r" state="M"/>
    <connection from="D3D2" to="D2D1" fromLane="0" toLane="0" via=":D2_1_0" dir="s" state="M"/>
    <connection from="D3D2" to="D2D3" fromLane="0" toLane="0" via=":D2_2_0" dir="t" state="m"/>

    <connection from=":A0_0" to="A0B0" fromLane="0" toLane="0" dir="l" state="M"/>
    <connection from=":A0_1" to="A0A1" fromLane="0" toLane="0" dir="r" state="M"/>
    <connection from=":A1_0" to="A1A0" fromLane="0" toLane="0" dir="s" state="M"/>
    <connection from=":A1_1" to="A1B1" fromLane="0" toLane="0" via=":A1_9_0" dir="l" state="m"/>
    <connection from=":A1_9" to="A1B1" fromLane="0" toLane="0" dir="l" state="M"/>
    <connection from=":A1_2" to="A1A2" fromLane="0" toLane="0" via=":A1_10_0" dir="t" state="m"/>
    <connection from=":A1_10" to="A1A2" fromLane="0" toLane="0" dir="t" state="M"/>
    <connection from=":A1_3" to="A1A2" fromLane="0" toLane="0" dir="r" state="M"/>
    <connection from=":A1_4" to="A1A0" fromLane="0" toLane="0" dir="l" state="M"/>
    <connection from=":A1_5" to="A1B1" fromLane="0" toLane="0" dir="t" state="M"/>
    <connection from=":A1_6" to="A1B1" fromLane="0" toLane="0" dir="r" state="M"/>
    <connection from=":A1_7" to="A1A2" fromLane="0" toLane="0" dir="s" state="M"/>
    <connection from=":A1_8" to="A1A0" fromLane="0" toLane="0" via=":A1_11_0" dir="t" state="m"/>
    <connection from=":A1_11" to="A1A0" fromLane="0" toLane="0" dir="t" state="M"/>
    <connection from=":A2_0" to="A2A1" fromLane="0" toLane="0" dir="s" state="M"/>
    <connection from=":A2_1" to="A2B2" fromLane="0" toLane="0" via=":A2_9_0" dir="l" state="m"/>
    <connection from=":A2_9" to="A2B2" fromLane="0" toLane="0" dir="l" state="M"/>
    <connection from=":A2_2" to="A2A3" fromLane="0" toLane="0" via=":A2_10_0" dir="t" state="m"/>
    <connection from=":A2_10" to="A2A3" fromLane="0" toLane="0" dir="t" state="M"/>
    <connection from=":A2_3" to="A2A3" fromLane="0" toLane="0" dir="r" state="M"/>
    <connection from=":A2_4" to="A2A1" fromLane="0" toLane="0" dir="l" state="M"/>
    <connection from=":A2_5" to="A2B2" fromLane="0" toLane="0" dir="t" state="M"/>
    <connection from=":A2_6" to="A2B2" fromLane="0" toLane="0" dir="r" state="M"/>
    <connection from=":A2_7" to="A2A3" fromLane="0" toLane="0" dir="s" state="M"/>
    <connection from=":A2_8" to="A2A1" fromLane="0" toLane="0" via=":A2_11_0" dir="t" state="m"/>
    <connection from=":A2_11" to="A2A1" fromLane="0" toLane="0" dir="t" state="M"/>
    <connection from=":A3_0" to="A3A2" fromLane="0" toLane="0" dir="l" state="M"/>
    <connection from=":A3_1" to="A3B3" fromLane="0" toLane="0" dir="r" state="M"/>
    <connection from=":B0_0" to="B0A0" fromLane="0" toLane="0" dir="r" state="M"/>
    <connection from=":B0_1" to="B0C0" fromLane="0" toLane="0" dir="l" state="M"/>
    <connection from=":B0_2" to="B0B1" fromLane="0" toLane="0" dir="t" state="M"/>
    <connection from=":B0_3" to="B0B1" fromLane="0" toLane="0" dir="r" state="M"/>
    <connection from=":B0_4" to="B0A0" fromLane="0" toLane="0" dir="s" state="M"/>
    <connection from=":B0_5" to="B0C0" fromLane="0" toLane="0" via=":B0_9_0" dir="t" state="m"/>
    <connection from=":B0_9" to="B0C0" fromLane="0" toLane="0" dir="t" state="M"/>
    <connection from=":B0_6" to="B0C0" fromLane="0" toLane="0" dir="s" state="M"/>
    <connection from=":B0_7" to="B0B1" fromLane="0" toLane="0" via=":B0_10_0" dir="l" state="m"/>
    <connection from=":B0_10" to="B0B1" fromLane="0" toLane="0" dir="l" state="M"/>
    <connection from=":B0_8" to="B0A0" fromLane="0" toLane="0" via=":B0_11_0" dir="t" state="m"/>
    <connection from=":B0_11" to="B0A0" fromLane="0" toLane="0" dir="t" state="M"/>
    <connection from=":B1_0" to="B1A1" fromLane="0" toLane="0" dir="r" state="M"/>
    <connection from=":B1_1" to="B1B0" fromLane="0" toLane="0" dir="s" state="M"/>
    <connection from=":B1_2" to="B1C1" fromLane="0" toLane="0" via=":B1_16_0" dir="l" state="m"/>
    <connection from=":B1_16" to="B1C1" fromLane="0" toLane="0" dir="l" state="M"/>
    <connection from=":B1_3" to="B1B2" fromLane="0" toLane="0" via=":B1_17_0" dir="t" state="m"/>
    <connection from=":B1_17" to="B1B2" fromLane="0" toLane="0" dir="t" state="M"/>
    <connection from=":B1_4" to="B1B2" fromLane="0" toLane="0" dir="r" state="M"/>
    <connection from=":B1_5" to="B1A1" fromLane="0" toLane="0" dir="s" state="M"/>
    <connection from=":B1_6" to="B1B0" fromLane="0" toLane="0" dir="l" state="M"/>
    <connection from=":B1_7" to="B1C1" fromLane="0" toLane="0" dir="t" state="M"/>
    <connection from=":B1_8" to="B1C1" fromLane="0" toLane="0" dir="r" state="M"/>
    <connection from=":B1_9" to="B1B2" fromLane="0" toLane="0" dir="s" state="M"/>
    <connection from=":B1_10" to="B1A1" fromLane="0" toLane="0" via=":B1_18_0" dir="l" state="m"/>
    <connection from=":B1_18" to="B1A1" fromLane="0" toLane="0" dir="l" state="M"/>
    <connection from=":B1_11" to="B1B0" fromLane="0" toLane="0" via=":B1_19_0" dir="t" state="m"/>
    <connection from=":B1_19" to="B1B0" fromLane="0" toLane="0" dir="t" state="M"/>
    <connection from=":B1_12" to="B1B0" fromLane="0" toLane="0" dir="r" state="M"/>
    <connection from=":B1_13" to="B1C1" fromLane="0" toLane="0" dir="s" state="M"/>
    <connection from=":B1_14" to="B1B2" fromLane="0" toLane="0" dir="l" state="M"/>
    <connection from=":B1_15" to="B1A1" fromLane="0" toLane="0" dir="t" state="M"/>
    <connection from=":B2_0" to="B2A2" fromLane="0" toLane="0" dir="r" state="M"/>
    <connection from=":B2_1" to="B2B1" fromLane="0" toLane="0" dir="s" state="M"/>
    <connection from=":B2_2" to="B2C2" fromLane="0" toLane="0" via=":B2_16_0" dir="l" state="m"/>
    <connection from=":B2_16" to="B2C2" fromLane="0" toLane="0" dir="l" state="M"/>
    <connection from=":B2_3" to="B2B3" fromLane="0" toLane="0" via=":B2_17_0" dir="t" state="m"/>
    <connection from=":B2_17" to="B2B3" fromLane="0" toLane="0" dir="t" state="M"/>
    <connection from=":B2_4" to="B2B3" fromLane="0" toLane="0" dir="r" state="M"/>
    <connection from=":B2_5" to="B2A2" fromLane="0" toLane="0" dir="s" state="M"/>
    <connection from=":B2_6" to="B2B1" fromLane="0" toLane="0" dir="l" state="M"/>
    <connection from=":B2_7" to="B2C2" fromLane="0" toLane="0" dir="t" state="M"/>
    <connection from=":B2_8" to="B2C2" fromLane="0" toLane="0" dir="r" state="M"/>
    <connection from=":B2_9" to="B2B3" fromLane="0" toLane="0" dir="s" state="M"/>
    <connection from=":B2_10" to="B2A2" fromLane="0" toLane="0" via=":B2_18_0" dir="l" state="m"/>
    <connection from=":B2_18" to="B2A2" fromLane="0" toLane="0" dir="l" state="M"/>
    <connection from=":B2_11" to="B2B1" fromLane="0" toLane="0" via=":B2_19_0" dir="t" state="m"/>
    <connection from=":B2_19" to="B2B1" fromLane="0" toLane="0" dir="t" state="M"/>
    <connection from=":B2_12" to="B2B1" fromLane="0" toLane="0" dir="r" state="M"/>
    <connection from=":B2_13" to="B2C2" fromLane="0" toLane="0" dir="s" state="M"/>
    <connection from=":B2_14" to="B2B3" fromLane="0" toLane="0" dir="l" state="M"/>
    <connection from=":B2_15" to="B2A2" fromLane="0" toLane="0" dir="t" state="M"/>
    <connection from=":B3_0" to="B3A3" fromLane="0" toLane="0" dir="s" state="M"/>
    <connection from=":B3_1" to="B3B2" fromLane="0" toLane="0" via=":B3_9_0" dir="l" state="m"/>
    <connection from=":B3_9" to="B3B2" fromLane="0" toLane="0" dir="l" state="M"/>
    <connection from=":B3_2" to="B3C3" fromLane="0" toLane="0" via=":B3_10_0" dir="t" state="m"/>
    <connection from=":B3_10" to="B3C3" fromLane="0" toLane="0" dir="t" state="M"/>
    <connection from=":B3_3" to="B3C3" fromLane="0" toLane="0" dir="r" state="M"/>
    <connection from=":B3_4" to="B3A3" fromLane="0" toLane="0" dir="l" state="M"/>
    <connection from=":B3_5" to="B3B2" fromLane="0" toLane="0" dir="t" state="M"/>
    <connection from=":B3_6" to="B3B2" fromLane="0" toLane="0" dir="r" state="M"/>
    <connection from=":B3_7" to="B3C3" fromLane="0" toLane="0" dir="s" state="M"/>
    <connection from=":B3_8" to="B3A3" fromLane="0" toLane="0" via=":B3_11_0" dir="t" state="m"/>
    <connection from=":B3_11" to="B3A3" fromLane="0" toLane="0" dir="t" state="M"/>
    <connection from=":C0_0" to="C0B0" fromLane="0" toLane="0" dir="r" state="M"/>
    <connection from=":C0_1" to="C0D0" fromLane="0" toLane="0" dir="l" state="M"/>
    <connection from=":C0_2" to="C0C1" fromLane="0" toLane="0" dir="t" state="M"/>
    <connection from=":C0_3" to="C0C1" fromLane="0" toLane="0" dir="r" state="M"/>
    <connection from=":C0_4" to="C0B0" fromLane="0" toLane="0" dir="s" state="M"/>
    <connection from=":C0_5" to="C0D0" fromLane="0" toLane="0" via=":C0_9_0" dir="t" state="m"/>
    <connection from=":C0_9" to="C0D0" fromLane="0" toLane="0" dir="t" state="M"/>
    <connection from=":C0_6" to="C0D0" fromLane="0" toLane="0" dir="s" state="M"/>
    <connection from=":C0_7" to="C0C1" fromLane="0" toLane="0" via=":C0_10_0" dir="l" state="m"/>
    <connection from=":C0_10" to="C0C1" fromLane="0" toLane="0" dir="l" state="M"/>
    <connection from=":C0_8" to="C0B0" fromLane="0" toLane="0" via=":C0_11_0" dir="t" state="m"/>
    <connection from=":C0_11" to="C0B0" fromLane="0" toLane="0" dir="t" state="M"/>
    <connection from=":C1_0" to="C1B1" fromLane="0" toLane="0" dir="r" state="M"/>
    <connection from=":C1_1" to="C1C0" fromLane="0" toLane="0" dir="s" state="M"/>
    <connection from=":C1_2" to="C1D1" fromLane="0" toLane="0" via=":C1_16_0" dir="l" state="m"/>
    <connection from=":C1_16" to="C1D1" fromLane="0" toLane="0" dir="l" state="M"/>
    <connection from=":C1_3" to="C1C2" fromLane="0" toLane="0" via=":C1_17_0" dir="t" state="m"/>
    <connection from=":C1_17" to="C1C2" fromLane="0" toLane="0" dir="t" state="M"/>
    <connection from=":C1_4" to="C1C2" fromLane="0" toLane="0" dir="r" state="M"/>
    <connection from=":C1_5" to="C1B1" fromLane="0" toLane="0" dir="s" state="M"/>
    <connection from=":C1_6" to="C1C0" fromLane="0" toLane="0" dir="l" state="M"/>
    <connection from=":C1_7" to="C1D1" fromLane="0" toLane="0" dir="t" state="M"/>
    <connection from=":C1_8" to="C1D1" fromLane="0" toLane="0" dir="r" state="M"/>
    <connection from=":C1_9" to="C1C2" fromLane="0" toLane="0" dir="s" state="M"/>
    <connection from=":C1_10" to="C1B1" fromLane="0" toLane="0" via=":C1_18_0" dir="l" state="m"/>
    <connection from=":C1_18" to="C1B1" fromLane="0" toLane="0" dir="l" state="M"/>
    <connection from=":C1_11" to="C1C0" fromLane="0" toLane="0" via=":C1_19_0" dir="t" state="m"/>
    <connection from=":C1_19" to="C1C0" fromLane="0" toLane="0" dir="t" state="M"/>
    <connection from=":C1_12" to="C1C0" fromLane="0" toLane="0" dir="r" state="M"/>
    <connection from=":C1_13" to="C1D1" fromLane="0" toLane="0" dir="s" state="M"/>
    <connection from=":C1_14" to="C1C2" fromLane="0" toLane="0" dir="l" state="M"/>
    <connection from=":C1_15" to="C1B1" fromLane="0" toLane="0" dir="t" state="M"/>
    <connection from=":C2_0" to="C2B2" fromLane="0" toLane="0" dir="r" state="M"/>
    <connection from=":C2_1" to="C2C1" fromLane="0" toLane="0" dir="s" state="M"/>
    <connection from=":C2_2" to="C2D2" fromLane="0" toLane="0" via=":C2_16_0" dir="l" state="m"/>
    <connection from=":C2_16" to="C2D2" fromLane="0" toLane="0" dir="l" state="M"/>
    <connection from=":C2_3" to="C2C3" fromLane="0" toLane="0" via=":C2_17_0" dir="t" state="m"/>
    <connection from=":C2_17" to="C2C3" fromLane="0" toLane="0" dir="t" state="M"/>
    <connection from=":C2_4" to="C2C3" fromLane="0" toLane="0" dir="r" state="M"/>
    <connection from=":C2_5" to="C2B2" fromLane="0" toLane="0" dir="s" state="M"/>
    <connection from=":C2_6" to="C2C1" fromLane="0" toLane="0" dir="l" state="M"/>
    <connection from=":C2_7" to="C2D2" fromLane="0" toLane="0" dir="t" state="M"/>
    <connection from=":C2_8" to="C2D2" fromLane="0" toLane="0" dir="r" state="M"/>
    <connection from=":C2_9" to="C2C3" fromLane="0" toLane="0" dir="s" state="M"/>
    <connection from=":C2_10" to="C2B2" fromLane="0" toLane="0" via=":C2_18_0" dir="l" state="m"/>
    <connection from=":C2_18" to="C2B2" fromLane="0" toLane="0" dir="l" state="M"/>
    <connection from=":C2_11" to="C2C1" fromLane="0" toLane="0" via=":C2_19_0" dir="t" state="m"/>
    <connection from=":C2_19" to="C2C1" fromLane="0" toLane="0" dir="t" state="M"/>
    <connection from=":C2_12" to="C2C1" fromLane="0" toLane="0" dir="r" state="M"/>
    <connection from=":C2_13" to="C2D2" fromLane="0" toLane="0" dir="s" state="M"/>
    <connection from=":C2_14" to="C2C3" fromLane="0" toLane="0" dir="l" state="M"/>
    <connection from=":C2_15" to="C2B2" fromLane="0" toLane="0" dir="t" state="M"/>
    <connection from=":C3_0" to="C3B3" fromLane="0" toLane="0" dir="s" state="M"/>
    <connection from=":C3_1" to="C3C2" fromLane="0" toLane="0" via=":C3_9_0" dir="l" state="m"/>
    <connection from=":C3_9" to="C3C2" fromLane="0" toLane="0" dir="l" state="M"/>
    <connection from=":C3_2" to="C3D3" fromLane="0" toLane="0" via=":C3_10_0" dir="t" state="m"/>
    <connection from=":C3_10" to="C3D3" fromLane="0" toLane="0" dir="t" state="M"/>
    <connection from=":C3_3" to="C3D3" fromLane="0" toLane="0" dir="r" state="M"/>
    <connection from=":C3_4" to="C3B3" fromLane="0" toLane="0" dir="l" state="M"/>
    <connection from=":C3_5" to="C3C2" fromLane="0" toLane="0" dir="t" state="M"/>
    <connection from=":C3_6" to="C3C2" fromLane="0" toLane="0" dir="r" state="M"/>
    <connection from=":C3_7" to="C3D3" fromLane="0" toLane="0" dir="s" state="M"/>
    <connection from=":C3_8" to="C3B3" fromLane="0" toLane="0" via=":C3_11_0" dir="t" state="m"/>
    <connection from=":C3_11" to="C3B3" fromLane="0" toLane="0" dir="t" state="M"/>
    <connection from=":D0_0" to="D0C0" fromLane="0" toLane="0" dir="r" state="M"/>
    <connection from=":D0_1" to="D0D1" fromLane="0" toLane="0" dir="l" state="M"/>
    <connection from=":D1_0" to="D1C1" fromLane="0" toLane="0" dir="r" state="M"/>
    <connection from=":D1_1" to="D1D0" fromLane="0" toLane="0" dir="s" state="M"/>
    <connection from=":D1_2" to="D1D2" fromLane="0" toLane="0" via=":D1_9_0" dir="t" state="m"/>
    <connection from=":D1_9" to="D1D2" fromLane="0" toLane="0" dir="t" state="M"/>
    <connection from=":D1_3" to="D1D2" fromLane="0" toLane="0" dir="s" state="M"/>
    <connection from=":D1_4" to="D1C1" fromLane="0" toLane="0" via=":D1_10_0" dir="l" state="m"/>
    <connection from=":D1_10" to="D1C1" fromLane="0" toLane="0" dir="l" state="M"/>
    <connection from=":D1_5" to="D1D0" fromLane="0" toLane="0" via=":D1_11_0" dir="t" state="m"/>
    <connection from=":D1_11" to="D1D0" fromLane="0" toLane="0" dir="t" state="M"/>
    <connection from=":D1_6" to="D1D0" fromLane="0" toLane="0" dir="r" state="M"/>
    <connection from=":D1_7" to="D1D2" fromLane="0" toLane="0" dir="l" state="M"/>
    <connection from=":D1_8" to="D1C1" fromLane="0" toLane="0" dir="t" state="M"/>
    <connection from=":D2_0" to="D2C2" fromLane="0" toLane="0" dir="r" state="M"/>
    <connection from=":D2_1" to="D2D1" fromLane="0" toLane="0" dir="s" state="M"/>
    <connection from=":D2_2" to="D2D3" fromLane="0" toLane="0" via=":D2_9_0" dir="t" state="m"/>
    <connection from=":D2_9" to="D2D3" fromLane="0" toLane="0" dir="t" state="M"/>
    <connection from=":D2_3" to="D2D3" fromLane="0" toLane="0" dir="s" state="M"/>
    <connection from=":D2_4" to="D2C2" fromLane="0" toLane="0" via=":D2_10_0" dir="l" state="m"/>
    <connection from=":D2_10" to="D2C2" fromLane="0" toLane="0" dir="l" state="M"/>
    <connection from=":D2_5" to="D2D1" fromLane="0" toLane="0" via=":D2_11_0" dir="t" state="m"/>
    <connection from=":D2_11" to="D2D1" fromLane="0" toLane="0" dir="t" state="M"/>
    <connection from=":D2_6" to="D2D1" fromLane="0" toLane="0" dir="r" state="M"/>
    <connection from=":D2_7" to="D2D3" fromLane="0" toLane="0" dir="l" state="M"/>
    <connection from=":D2_8" to="D2C2" fromLane="0" toLane="0" dir="t" state="M"/>
    <connection from=":D3_0" to="D3C3" fromLane="0" toLane="0" dir="l" state="M"/>
    <connection from=":D3_1" to="D3D2" fromLane="0" toLane="0" dir="r" state="M"/>

</net>
