<?xml version="1.0" encoding="UTF-8"?>

<!-- generated on 2025-11-28 08:28:11 by Eclipse SUMO netconvert Version 1.24.0
<netconvertConfiguration xmlns:xsi="http://www.w3.org/2001/XMLSchema-instance" xsi:noNamespaceSchemaLocation="http://sumo.dlr.de/xsd/netconvertConfiguration.xsd">

    <input>
        <sumo-net-file value="grid.net.xml"/>
    </input>

    <output>
        <plain-output-prefix value="plain/"/>
    </output>

    <processing>
        <geometry.min-radius.fix.railways value="false"/>
        <geometry.avoid-overlap value="false"/>
        <geometry.max-grade.fix value="false"/>
        <offset.disable-normalization value="true"/>
        <lefthand value="0"/>
    </processing>

    <junctions>
        <no-turnarounds value="true"/>
        <junctions.corner-detail value="5"/>
        <junctions.limit-turn-speed value="5.50"/>
        <rectangular-lane-cut value="0"/>
    </junctions>

    <pedestrian>
        <walkingareas value="0"/>
    </pedestrian>

</netconvertConfiguration>
-->

<connections version="1.20" xmlns:xsi="http://www.w3.org/2001/XMLSchema-instance" xsi:noNamespaceSchemaLocation="http://sumo.dlr.de/xsd/connections_file.xsd">
    <connection from="A0A1" to="A1B1" fromLane="0" toLane="0"/>
    <connection from="A0A1" to="A1A2" fromLane="0" toLane="0"/>
    <connection from="A0A1" to="A1A0" fromLane="0" toLane="0"/>

    <connection from="A0B0" to="B0C0" fromLane="0" toLane="0"/>
    <connection from="A0B0" to="B0B1" fromLane="0" toLane="0"/>
    <connection from="A0B0" to="B0A0" fromLane="0" toLane="0"/>

    <connection from="A1A0" to="A0B0" fromLane="0" toLane="0"/>

    <connection from="A1A2" to="A2B2" fromLane="0" toLane="0"/>
    <connection from="A1A2" to="A2A3" fromLane="0" toLane="0"/>
    <connection from="A1A2" to="A2A1" fromLane="0" toLane="0"/>

    <connection from="A1B1" to="B1B0" fromLane="0" toLane="0"/>
    <connection from="A1B1" to="B1C1" fromLane="0" toLane="0"/>
    <connection from="A1B1" to="B1B2" fromLane="0" toLane="0"/>
    <connection from="A1B1" to="B1A1" fromLane="0" toLane="0"/>

    <connection from="A2A1" to="A1A0" fromLane="0" toLane="0"/>
    <connection from="A2A1" to="A1B1" fromLane="0" toLane="0"/>
    <connection from="A2A1" to="A1A2" fromLane="0" toLane="0"/>

    <connection from="A2A3" to="A3B3" fromLane="0" toLane="0"/>

    <connection from="A2B2" to="B2B1" fromLane="0" toLane="0"/>
    <connection from="A2B2" to="B2C2" fromLane="0" toLane="0"/>
    <connection from="A2B2" to="B2B3" fromLane="0" toLane="0"/>
    <connection from="A2B2" to="B2A2" fromLane="0" toLane="0"/>

    <connection from="A3A2" to="A2A1" fromLane="0" toLane="0"/>
    <connection from="A3A2" to="A2B2" fromLane="0" toLane="0"/>
    <connection from="A3A2" to="A2A3" fromLane="0" toLane="0"/>

    <connection from="A3B3" to="B3B2" fromLane="0" toLane="0"/>
    <connection from="A3B3" to="B3C3" fromLane="0" toLane="0"/>
    <connection from="A3B3" to="B3A3" fromLane="0" toLane="0"/>

    <connection from="B0A0" to="A0A1" fromLane="0" toLane="0"/>

    <connection from="B0B1" to="B1C1" fromLane="0" toLane="0"/>
    <connection from="B0B1" to="B1B2" fromLane="0" toLane="0"/>
    <connection from="B0B1" to="B1A1" fromLane="0" toLane="0"/>
    <connection from="B0B1" to="B1B0" fromLane="0" toLane="0"/>

    <connection from="B0C0" to="C0D0" fromLane="0" toLane="0"/>
    <connection from="B0C0" to="C0C1" fromLane="0" toLane="0"/>
    <connection from="B0C0" to="C0B0" fromLane="0" toLane="0"/>

    <connection from="B1A1" to="A1A2" fromLane="0" toLane="0"/>
    <connection from="B1A1" to="A1A0" fromLane="0" toLane="0"/>
    <connection from="B1A1" to="A1B1" fromLane="0" toLane="0"/>

    <connection from="B1B0" to="B0A0" fromLane="0" toLane="0"/>
    <connection from="B1B0" to="B0C0" fromLane="0" toLane="0"/>
    <connection from="B1B0" to="B0B1" fromLane="0" toLane="0"/>

    <connection from="B1B2" to="B2C2" fromLane="0" toLane="0"/>
    <connection from="B1B2" to="B2B3" fromLane="0" toLane="0"/>
    <connection from="B1B2" to="B2A2" fromLane="0" toLane="0"/>
    <connection from="B1B2" to="B2B1" fromLane="0" toLane="0"/>

    <connection from="B1C1" to="C1C0" fromLane="0" toLane="0"/>
    <connection from="B1C1" to="C1D1" fromLane="0" toLane="0"/>
    <connection from="B1C1" to="C1C2" fromLane="0" toLane="0"/>
    <connection from="B1C1" to="C1B1" fromLane="0" toLane="0"/>

    <connection from="B2A2" to="A2A3" fromLane="0" toLane="0"/>
    <connection from="B2A2" to="A2A1" fromLane="0" toLane="0"/>
    <connection from="B2A2" to="A2B2" fromLane="0" toLane="0"/>

    <connection from="B2B1" to="B1A1" fromLane="0" toLane="0"/>
    <connection from="B2B1" to="B1B0" fromLane="0" toLane="0"/>
    <connection from="B2B1" to="B1C1" fromLane="0" toLane="0"/>
    <connection from="B2B1" to="B1B2" fromLane="0" toLane="0"/>

    <connection from="B2B3" to="B3C3" fromLane="0" toLane="0"/>
    <connection from="B2B3" to="B3A3" fromLane="0" toLane="0"/>
    <connection from="B2B3" to="B3B2" fromLane="0" toLane="0"/>

    <connection from="B2C2" to="C2C1" fromLane="0" toLane="0"/>
    <connection from="B2C2" to="C2D2" fromLane="0" toLane="0"/>
    <connection from="B2C2" to="C2C3" fromLane="0" toLane="0"/>
    <connection from="B2C2" to="C2B2" fromLane="0" toLane="0"/>

    <connection from="B3A3" to="A3A2" fromLane="0" toLane="0"/>

    <connection from="B3B2" to="B2A2" fromLane="0" toLane="0"/>
    <connection from="B3B2" to="B2B1" fromLane="0" toLane="0"/>
    <connection from="B3B2" to="B2C2" fromLane="0" toLane="0"/>
    <connection from="B3B2" to="B2B3" fromLane="0" toLane="0"/>

    <connection from="B3C3" to="C3C2" fromLane="0" toLane="0"/>
    <connection from="B3C3" to="C3D3" fromLane="0" toLane="0"/>
    <connection from="B3C3" to="C3B3" fromLane="0" toLane="0"/>

    <connection from="C0B0" to="B0B1" fromLane="0" toLane="0"/>
    <connection from="C0B0" to="B0A0" fromLane="0" toLane="0"/>
    <connection from="C0B0" to="B0C0" fromLane="0" toLane="0"/>

    <connection from="C0C1" to="C1D1" fromLane="0" toLane="0"/>
    <connection from="C0C1" to="C1C2" fromLane="0" toLane="0"/>
    <connection from="C0C1" to="C1B1" fromLane="0" toLane="0"/>
    <connection from="C0C1" to="C1C0" fromLane="0" toLane="0"/>

    <connection from="C0D0" to="D0D1" fromLane="0" toLane="0"/>

    <connection from="C1B1" to="B1B2" fromLane="0" toLane="0"/>
    <connection from="C1B1" to="B1A1" fromLane="0" toLane="0"/>
    <connection from="C1B1" to="B1B0" fromLane="0" toLane="0"/>
    <connection from="C1B1" to="B1C1" fromLane="0" toLane="0"/>

    <connection from="C1C0" to="C0B0" fromLane="0" toLane="0"/>
    <connection from="C1C0" to="C0D0" fromLane="0" toLane="0"/>
    <connection from="C1C0" to="C0C1" fromLane="0" toLane="0"/>

    <connection from="C1C2" to="C2D2" fromLane="0" toLane="0"/>
    <connection from="C1C2" to="C2C3" fromLane="0" toLane="0"/>
    <connection from="C1C2" to="C2B2" fromLane="0" toLane="0"/>
    <connection from="C1C2" to="C2C1" fromLane="0" toLane="0"/>

    <connection from="C1D1" to="D1D0" fromLane="0" toLane="0"/>
    <connection from="C1D1" to="D1D2" fromLane="0" toLane="0"/>
    <connection from="C1D1" to="D1C1" fromLane="0" toLane="0"/>

    <connection from="C2B2" to="B2B3" fromLane="0" toLane="0"/>
    <connection from="C2B2" to="B2A2" fromLane="0" toLane="0"/>
    <connection from="C2B2" to="B2B1" fromLane="0" toLane="0"/>
    <connection from="C2B2" to="B2C2" fromLane="0" toLane="0"/>

    <connection from="C2C1" to="C1B1" fromLane="0" toLane="0"/>
    <connection from="C2C1" to="C1C0" fromLane="0" toLane="0"/>
    <connection from="C2C1" to="C1D1" fromLane="0" toLane="0"/>
    <connection from="C2C1" to="C1C2" fromLane="0" toLane="0"/>

    <connection from="C2C3" to="C3D3" fromLane="0" toLane="0"/>
    <connection from="C2C3" to="C3B3" fromLane="0" toLane="0"/>
    <connection from="C2C3" to="C3C2" fromLane="0" toLane="0"/>

    <connection from="C2D2" to="D2D1" fromLane="0" toLane="0"/>
    <connection from="C2D2" to="D2D3" fromLane="0" toLane="0"/>
    <connection from="C2D2" to="D2C2" fromLane="0" toLane="0"/>

    <connection from="C3B3" to="B3A3" fromLane="0" toLane="0"/>
    <connection from="C3B3" to="B3B2" fromLane="0" toLane="0"/>
    <connection from="C3B3" to="B3C3" fromLane="0" toLane="0"/>

    <connection from="C3C2" to="C2B2" fromLane="0" toLane="0"/>
    <connection from="C3C2" to="C2C1" fromLane="0" toLane="0"/>
    <connection from="C3C2" to="C2D2" fromLane="0" toLane="0"/>
    <connection from="C3C2" to="C2C3" fromLane="0" toLane="0"/>

    <connection from="C3D3" to="D3D2" fromLane="0" toLane="0"/>

    <connection from="D0C0" to="C0C1" fromLane="0" toLane="0"/>
    <connection from="D0C0" to="C0B0" fromLane="0" toLane="0"/>
    <connection from="D0C0" to="C0D0" fromLane="0" toLane="0"/>

    <connection from="D0D1" to="D1D2" fromLane="0" toLane="0"/>
    <connection from="D0D1" to="D1C1" fromLane="0" toLane="0"/>
    <connection from="D0D1" to="D1D0" fromLane="0" toLane="0"/>

    <connection from="D1C1" to="C1C2" fromLane="0" toLane="0"/>
    <connection from="D1C1" to="C1B1" fromLane="0" toLane="0"/>
    <connection from="D1C1" to="C1C0" fromLane="0" toLane="0"/>
    <connection from="D1C1" to="C1D1" fromLane="0" toLane="0"/>

    <connection from="D1D0" to="D0C0" fromLane="0" toLane="0"/>

    <connection from="D1D2" to="D2D3" fromLane="0" toLane="0"/>
    <connection from="D1D2" to="D2C2" fromLane="0" toLane="0"/>
    <connection from="D1D2" to="D2D1" fromLane="0" toLane="0"/>

    <connection from="D2C2" to="C2C3" fromLane="0" toLane="0"/>
    <connection from="D2C2" to="C2B2" fromLane="0" toLane="0"/>
    <connection from="D2C2" to="C2C1" fromLane="0" toLane="0"/>
    <connection from="D2C2" to="C2D2" fromLane="0" toLane="0"/>

    <connection from="D2D1" to="D1C1" fromLane="0" toLane="0"/>
    <connection from="D2D1" to="D1D0" fromLane="0" toLane="0"/>
    <connection from="D2D1" to="D1D2" fromLane="0" toLane="0"/>

    <connection from="D2D3" to="D3C3" fromLane="0" toLane="0"/>

    <connection from="D3C3" to="C3B3" fromLane="0" toLane="0"/>
    <connection from="D3C3" to="C3C2" fromLane="0" toLane="0"/>
    <connection from="D3C3" to="C3D3" fromLane="0" toLane="0"/>

    <connection from="D3D2" to="D2C2" fromLane="0" toLane="0"/>
    <connection from="D3D2" to="D2D1" fromLane="0" toLane="0"/>
    <connection from="D3D2" to="D2D3" fromLane="0" toLane="0"/>

</connections>
