<?xml version="1.0" encoding="UTF-8"?>

<!-- generated on 2025-11-28 08:28:11 by Eclipse SUMO netconvert Version 1.24.0
<netconvertConfiguration xmlns:xsi="http://www.w3.org/2001/XMLSchema-instance" xsi:noNamespaceSchemaLocation="http://sumo.dlr.de/xsd/netconvertConfiguration.xsd">

    <input>
        <sumo-net-file value="grid.net.xml"/>
    </input>

    <output>
        <plain-output-prefix value="plain/"/>
    </output>

    <processing>
        <geometry.min-radius.fix.railways value="false"/>
        <geometry.avoid-overlap value="false"/>
        <geometry.max-grade.fix value="false"/>
        <offset.disable-normalization value="true"/>
        <lefthand value="0"/>
    </processing>

    <junctions>
        <no-turnarounds value="true"/>
        <junctions.corner-detail value="5"/>
        <junctions.limit-turn-speed value="5.50"/>
        <rectangular-lane-cut value="0"/>
    </junctions>

    <pedestrian>
        <walkingareas value="0"/>
    </pedestrian>

</netconvertConfiguration>
-->

<nodes version="1.20" xmlns:xsi="http://www.w3.org/2001/XMLSchema-instance" xsi:noNamespaceSchemaLocation="http://sumo.dlr.de/xsd/nodes_file.xsd">
    <location netOffset="0.00,0.00" convBoundary="0.00,0.00,300.00,300.00" origBoundary="0.00,0.00,300.00,300.00" projParameter="!"/>

    <node id="A0" x="0.00" y="0.00" type="priority"/>
    <node id="A1" x="0.00" y="100.00" type="priority"/>
    <node id="A2" x="0.00" y="200.00" type="priority"/>
    <node id="A3" x="0.00" y="300.00" type="priority"/>
    <node id="B0" x="100.00" y="0.00" type="priority"/>
    <node id="B1" x="100.00" y="100.00" type="priority"/>
    <node id="B2" x="100.00" y="200.00" type="priority"/>
    <node id="B3" x="100.00" y="300.00" type="priority"/>
    <node id="C0" x="200.00" y="0.00" type="priority"/>
    <node id="C1" x="200.00" y="100.00" type="priority"/>
    <node id="C2" x="200.00" y="200.00" type="priority"/>
    <node id="C3" x="200.00" y="300.00" type="priority"/>
    <node id="D0" x="300.00" y="0.00" type="priority"/>
    <node id="D1" x="300.00" y="100.00" type="priority"/>
    <node id="D2" x="300.00" y="200.00" type="priority"/>
    <node id="D3" x="300.00" y="300.00" type="priority"/>
</nodes>
